Workbook
Name PlayersList: Jugadores!$B$2:$B$61

Sheet Ayuda
A1: Guía rápida (sin errores de reparación)
A3: 1) Alta de jugadores
A4: Hoja 'Jugadores': escribe los nombres en la columna B (desde B2).
A5: 2) Registrar partidos
A6: Hoja 'Partidos': rellena Fecha, Tipo (Liga/Eliminatoria), jugadores A1/A2/B1/B2 y los juegos por set. Las columnas Sets/Games/Diff/Bonus se calculan solas.
A7: 3) Ranking
A8: Hoja 'Ranking': se actualiza automáticamente con PJ, V, D, Dif, Bonus y Puntos. La columna Pos evita empates invisibles.
A9: 4) Consulta jugador
A10: Hoja 'Consulta': selecciona jugador en B3 y copia el texto en H6 para WhatsApp (individual).
A11: 5) Previa de partido
A12: Hoja 'Previa': selecciona 4 jugadores y copia el texto de A16 para enviar la previa al grupo.
A13: 6) Ver últimos partidos (sin hoja 'Ultimos')
A14: En la hoja 'Partidos' usa el filtro (fila 1): filtra A1/A2/B1/B2 por un jugador y ordena por ID (columna A) de mayor a menor. Así ves los últimos partidos sin fórmulas adicionales.

Sheet Jugadores
A1: ID | B1: Nombre
A2: 1 | B2: Javier suarez
A3: 2 | B3: Imobach González
A4: 3 | B4: José López
A5: 4 | B5: César Morales
A6: 5 | B6: Carmelo Rosario
A7: 6 | B7: Israel Suárez
A8: 7 | B8: Cristo Marrero
A9: 8 | B9: Alberto Pulido
A10: 9 | B10: Wilfredo Santana
A11: 10 | B11: Javier Bonilla
A12: 11 | B12: José Fernando
A13: 12 | B13: Guillermo Medina
... A17: 16 | B17: Yeray Armas
A18: 17
A19: 18
A20: 19
A21: 20
A22: 21
A23: 22
A24: 23
A25: 24
A26: 25
A27: 26
A28: 27
A29: 28
... A61: 60

Sheet Partidos
A1: ID | B1: Fecha | C1: Tipo | D1: A1 | E1: A2 | F1: B1 | G1: B2 | H1: S1_A | I1: S1_B | J1: S2_A | K1: S2_B | L1: S3_A | M1: S3_B | N1: Sets_A | O1: Sets_B | P1: Winner(A/B) | Q1: Games_A | R1: Games_B | S1: Diff(A-B) | T1: Bonus_A | U1: Bonus_B | V1: IncluyeJugador | W1: Config | Z1: Filtro jugador | AA1: Temporada | AB1: OK_Temp
A2: 1 | B2: 45771 | C2: Liga | D2: Javier Bonilla | E2: Imobach González | F2: Wilfredo Santana | G2: Nacho Navidad | H2: 7 | I2: 5 | J2: 7 | K2: 6 | N2: =IF(OR(H2="",I2="",J2="",K2=""),"",(IF(H2>I2,1,0)+IF(J2>K2,1,0)+IF(AND(L2<>"",M2<>""),IF(L2>M2,1,0),0))) -> 2 | O2: =IF(N2="","",(IF(H2<I2,1,0)+IF(J2<K2,1,0)+IF(AND(L2<>"",M2<>""),IF(L2<M2,1,0),0))) -> 0 | P2: =IF(N2="","",IF(N2>O2,"A","B")) -> A | Q2: =IF(N2="","",H2+J2+IF(L2="",0,L2)) -> 14 | R2: =IF(N2="","",I2+K2+IF(M2="",0,M2)) -> 11 | S2: =IF(N2="","",Q2-R2) -> 3 | T2: =IF(OR(C2<>$X$2,P2=""),"",MIN(MAX(0,S2)*$X$5,$X$6)) -> 0.06 | U2: =IF(OR(C2<>$X$2,P2=""),"",MIN(MAX(0,-S2)*$X$5,$X$6)) -> 0 | V2: =IF($Z$2="","",OR($D2=$Z$2,$E2=$Z$2,$F2=$Z$2,$G2=$Z$2)) -> FALSE | W2: LigaLabel | X2: Liga | Z2: Yeray Armas | AA2: =IF($B2="","",YEAR($B2)) -> 2025 | AB2: =IF($Z$5="Todas",TRUE,$AA2=$Z$5) -> TRUE
A3: 2 | B3: 45772 | C3: Liga | D3: Nacho Navidad | E3: Israel Suárez | F3: Imobach González | G3: Javier Bonilla | H3: 2 | I3: 6 | J3: 6 | K3: 3 | L3: 5 | M3: 7 | N3: =IF(OR(H3="",I3="",J3="",K3=""),"",(IF(H3>I3,1,0)+IF(J3>K3,1,0)+IF(AND(L3<>"",M3<>""),IF(L3>M3,1,0),0))) -> 1 | O3: =IF(N3="","",(IF(H3<I3,1,0)+IF(J3<K3,1,0)+IF(AND(L3<>"",M3<>""),IF(L3<M3,1,0),0))) -> 2 | P3: =IF(N3="","",IF(N3>O3,"A","B")) -> B | Q3: =IF(N3="","",H3+J3+IF(L3="",0,L3)) -> 13 | R3: =IF(N3="","",I3+K3+IF(M3="",0,M3)) -> 16 | S3: =IF(N3="","",Q3-R3) -> -3 | T3: =IF(OR(C3<>$X$2,P3=""),"",MIN(MAX(0,S3)*$X$5,$X$6)) -> 0 | U3: =IF(OR(C3<>$X$2,P3=""),"",MIN(MAX(0,-S3)*$X$5,$X$6)) -> 0.06 | V3: =IF($Z$2="","",OR($D3=$Z$2,$E3=$Z$2,$F3=$Z$2,$G3=$Z$2)) -> FALSE | W3: WinPts | X3: 2 | AA3: =IF($B3="","",YEAR($B3)) -> 2025 | AB3: =IF($Z$5="Todas",TRUE,$AA3=$Z$5) -> TRUE
A4: 3 | B4: 45776 | C4: Liga | D4: Carmelo Rosario | E4: Guillermo Medina | F4: Nacho Navidad | G4: Israel Suárez | H4: 6 | I4: 3 | J4: 5 | K4: 7 | L4: 0 | M4: 6 | N4: =IF(OR(H4="",I4="",J4="",K4=""),"",(IF(H4>I4,1,0)+IF(J4>K4,1,0)+IF(AND(L4<>"",M4<>""),IF(L4>M4,1,0),0))) -> 1 | O4: =IF(N4="","",(IF(H4<I4,1,0)+IF(J4<K4,1,0)+IF(AND(L4<>"",M4<>""),IF(L4<M4,1,0),0))) -> 2 | P4: =IF(N4="","",IF(N4>O4,"A","B")) -> B | Q4: =IF(N4="","",H4+J4+IF(L4="",0,L4)) -> 11 | R4: =IF(N4="","",I4+K4+IF(M4="",0,M4)) -> 16 | S4: =IF(N4="","",Q4-R4) -> -5 | T4: =IF(OR(C4<>$X$2,P4=""),"",MIN(MAX(0,S4)*$X$5,$X$6)) -> 0 | U4: =IF(OR(C4<>$X$2,P4=""),"",MIN(MAX(0,-S4)*$X$5,$X$6)) -> 0.1 | V4: =IF($Z$2="","",OR($D4=$Z$2,$E4=$Z$2,$F4=$Z$2,$G4=$Z$2)) -> FALSE | W4: LossPts | X4: 0 | Z4: Temporada (filtro) | AA4: =IF($B4="","",YEAR($B4)) -> 2025 | AB4: =IF($Z$5="Todas",TRUE,$AA4=$Z$5) -> TRUE
A5: 4 | B5: 45776 | C5: Liga | D5: Javier Bonilla | E5: Imobach González | F5: Cristo Marrero | G5: César Morales | H5: 7 | I5: 5 | J5: 6 | K5: 4 | N5: =IF(OR(H5="",I5="",J5="",K5=""),"",(IF(H5>I5,1,0)+IF(J5>K5,1,0)+IF(AND(L5<>"",M5<>""),IF(L5>M5,1,0),0))) -> 2 | O5: =IF(N5="","",(IF(H5<I5,1,0)+IF(J5<K5,1,0)+IF(AND(L5<>"",M5<>""),IF(L5<M5,1,0),0))) -> 0 | P5: =IF(N5="","",IF(N5>O5,"A","B")) -> A | Q5: =IF(N5="","",H5+J5+IF(L5="",0,L5)) -> 13 | R5: =IF(N5="","",I5+K5+IF(M5="",0,M5)) -> 9 | S5: =IF(N5="","",Q5-R5) -> 4 | T5: =IF(OR(C5<>$X$2,P5=""),"",MIN(MAX(0,S5)*$X$5,$X$6)) -> 0.08 | U5: =IF(OR(C5<>$X$2,P5=""),"",MIN(MAX(0,-S5)*$X$5,$X$6)) -> 0 | V5: =IF($Z$2="","",OR($D5=$Z$2,$E5=$Z$2,$F5=$Z$2,$G5=$Z$2)) -> FALSE | W5: BonusCoef | X5: 0.02 | Z5: 2025 | AA5: =IF($B5="","",YEAR($B5)) -> 2025 | AB5: =IF($Z$5="Todas",TRUE,$AA5=$Z$5) -> TRUE
A6: 5 | B6: 45779 | C6: Liga | D6: Cristo Marrero | E6: Carmelo Rosario | F6: Javier Bonilla | G6: Javier suarez | H6: 6 | I6: 4 | J6: 6 | K6: 3 | N6: =IF(OR(H6="",I6="",J6="",K6=""),"",(IF(H6>I6,1,0)+IF(J6>K6,1,0)+IF(AND(L6<>"",M6<>""),IF(L6>M6,1,0),0))) -> 2 | O6: =IF(N6="","",(IF(H6<I6,1,0)+IF(J6<K6,1,0)+IF(AND(L6<>"",M6<>""),IF(L6<M6,1,0),0))) -> 0 | P6: =IF(N6="","",IF(N6>O6,"A","B")) -> A | Q6: =IF(N6="","",H6+J6+IF(L6="",0,L6)) -> 12 | R6: =IF(N6="","",I6+K6+IF(M6="",0,M6)) -> 7 | S6: =IF(N6="","",Q6-R6) -> 5 | T6: =IF(OR(C6<>$X$2,P6=""),"",MIN(MAX(0,S6)*$X$5,$X$6)) -> 0.1 | U6: =IF(OR(C6<>$X$2,P6=""),"",MIN(MAX(0,-S6)*$X$5,$X$6)) -> 0 | V6: =IF($Z$2="","",OR($D6=$Z$2,$E6=$Z$2,$F6=$Z$2,$G6=$Z$2)) -> FALSE | W6: BonusCap | X6: 0.5 | AA6: =IF($B6="","",YEAR($B6)) -> 2025 | AB6: =IF($Z$5="Todas",TRUE,$AA6=$Z$5) -> TRUE
A7: 6 | B7: 45783 | C7: Liga | D7: Yeray Armas | E7: José López | F7: Nacho Navidad | G7: Javier Bonilla | H7: 6 | I7: 2 | J7: 6 | K7: 3 | N7: =IF(OR(H7="",I7="",J7="",K7=""),"",(IF(H7>I7,1,0)+IF(J7>K7,1,0)+IF(AND(L7<>"",M7<>""),IF(L7>M7,1,0),0))) -> 2 | O7: =IF(N7="","",(IF(H7<I7,1,0)+IF(J7<K7,1,0)+IF(AND(L7<>"",M7<>""),IF(L7<M7,1,0),0))) -> 0 | P7: =IF(N7="","",IF(N7>O7,"A","B")) -> A | Q7: =IF(N7="","",H7+J7+IF(L7="",0,L7)) -> 12 | R7: =IF(N7="","",I7+K7+IF(M7="",0,M7)) -> 5 | S7: =IF(N7="","",Q7-R7) -> 7 | T7: =IF(OR(C7<>$X$2,P7=""),"",MIN(MAX(0,S7)*$X$5,$X$6)) -> 0.14 | U7: =IF(OR(C7<>$X$2,P7=""),"",MIN(MAX(0,-S7)*$X$5,$X$6)) -> 0 | V7: =IF($Z$2="","",OR($D7=$Z$2,$E7=$Z$2,$F7=$Z$2,$G7=$Z$2)) -> TRUE | AA7: =IF($B7="","",YEAR($B7)) -> 2025 | AB7: =IF($Z$5="Todas",TRUE,$AA7=$Z$5) -> TRUE
A8: 7 | B8: 45784 | C8: Liga | D8: Yeray Armas | E8: Cristo Marrero | F8: Carmelo Rosario | G8: César Morales | H8: 2 | I8: 6 | J8: 3 | K8: 6 | N8: =IF(OR(H8="",I8="",J8="",K8=""),"",(IF(H8>I8,1,0)+IF(J8>K8,1,0)+IF(AND(L8<>"",M8<>""),IF(L8>M8,1,0),0))) -> 0 | O8: =IF(N8="","",(IF(H8<I8,1,0)+IF(J8<K8,1,0)+IF(AND(L8<>"",M8<>""),IF(L8<M8,1,0),0))) -> 2 | P8: =IF(N8="","",IF(N8>O8,"A","B")) -> B | Q8: =IF(N8="","",H8+J8+IF(L8="",0,L8)) -> 5 | R8: =IF(N8="","",I8+K8+IF(M8="",0,M8)) -> 12 | S8: =IF(N8="","",Q8-R8) -> -7 | T8: =IF(OR(C8<>$X$2,P8=""),"",MIN(MAX(0,S8)*$X$5,$X$6)) -> 0 | U8: =IF(OR(C8<>$X$2,P8=""),"",MIN(MAX(0,-S8)*$X$5,$X$6)) -> 0.14 | V8: =IF($Z$2="","",OR($D8=$Z$2,$E8=$Z$2,$F8=$Z$2,$G8=$Z$2)) -> TRUE | AA8: =IF($B8="","",YEAR($B8)) -> 2025 | AB8: =IF($Z$5="Todas",TRUE,$AA8=$Z$5) -> TRUE
A9: 8 | B9: 45785 | C9: Liga | D9: Carmelo Rosario | E9: Alberto Nunes | F9: Wilfredo Santana | G9: Imobach González | H9: 7 | I9: 5 | J9: 4 | K9: 6 | L9: 6 | M9: 3 | N9: =IF(OR(H9="",I9="",J9="",K9=""),"",(IF(H9>I9,1,0)+IF(J9>K9,1,0)+IF(AND(L9<>"",M9<>""),IF(L9>M9,1,0),0))) -> 2 | O9: =IF(N9="","",(IF(H9<I9,1,0)+IF(J9<K9,1,0)+IF(AND(L9<>"",M9<>""),IF(L9<M9,1,0),0))) -> 1 | P9: =IF(N9="","",IF(N9>O9,"A","B")) -> A | Q9: =IF(N9="","",H9+J9+IF(L9="",0,L9)) -> 17 | R9: =IF(N9="","",I9+K9+IF(M9="",0,M9)) -> 14 | S9: =IF(N9="","",Q9-R9) -> 3 | T9: =IF(OR(C9<>$X$2,P9=""),"",MIN(MAX(0,S9)*$X$5,$X$6)) -> 0.06 | U9: =IF(OR(C9<>$X$2,P9=""),"",MIN(MAX(0,-S9)*$X$5,$X$6)) -> 0 | V9: =IF($Z$2="","",OR($D9=$Z$2,$E9=$Z$2,$F9=$Z$2,$G9=$Z$2)) -> FALSE | AA9: =IF($B9="","",YEAR($B9)) -> 2025 | AB9: =IF($Z$5="Todas",TRUE,$AA9=$Z$5) -> TRUE
A10: 9 | B10: 45786 | C10: Liga | D10: Yeray Armas | E10: Imobach González | F10: Carmelo Rosario | G10: Nacho Navidad | H10: 3 | I10: 6 | J10: 7 | K10: 6 | L10: 3 | M10: 6 | N10: =IF(OR(H10="",I10="",J10="",K10=""),"",(IF(H10>I10,1,0)+IF(J10>K10,1,0)+IF(AND(L10<>"",M10<>""),IF(L10>M10,1,0),0))) -> 1 | O10: =IF(N10="","",(IF(H10<I10,1,0)+IF(J10<K10,1,0)+IF(AND(L10<>"",M10<>""),IF(L10<M10,1,0),0))) -> 2 | P10: =IF(N10="","",IF(N10>O10,"A","B")) -> B | Q10: =IF(N10="","",H10+J10+IF(L10="",0,L10)) -> 13 | R10: =IF(N10="","",I10+K10+IF(M10="",0,M10)) -> 18 | S10: =IF(N10="","",Q10-R10) -> -5 | T10: =IF(OR(C10<>$X$2,P10=""),"",MIN(MAX(0,S10)*$X$5,$X$6)) -> 0 | U10: =IF(OR(C10<>$X$2,P10=""),"",MIN(MAX(0,-S10)*$X$5,$X$6)) -> 0.1 | V10: =IF($Z$2="","",OR($D10=$Z$2,$E10=$Z$2,$F10=$Z$2,$G10=$Z$2)) -> TRUE | AA10: =IF($B10="","",YEAR($B10)) -> 2025 | AB10: =IF($Z$5="Todas",TRUE,$AA10=$Z$5) -> TRUE
A11: 10 | B11: 45791 | C11: Liga | D11: Israel Suárez | E11: Imobach González | F11: Nacho Navidad | G11: Yeray Armas | H11: 6 | I11: 1 | J11: 6 | K11: 1 | N11: =IF(OR(H11="",I11="",J11="",K11=""),"",(IF(H11>I11,1,0)+IF(J11>K11,1,0)+IF(AND(L11<>"",M11<>""),IF(L11>M11,1,0),0))) -> 2 | O11: =IF(N11="","",(IF(H11<I11,1,0)+IF(J11<K11,1,0)+IF(AND(L11<>"",M11<>""),IF(L11<M11,1,0),0))) -> 0 | P11: =IF(N11="","",IF(N11>O11,"A","B")) -> A | Q11: =IF(N11="","",H11+J11+IF(L11="",0,L11)) -> 12 | R11: =IF(N11="","",I11+K11+IF(M11="",0,M11)) -> 2 | S11: =IF(N11="","",Q11-R11) -> 10 | T11: =IF(OR(C11<>$X$2,P11=""),"",MIN(MAX(0,S11)*$X$5,$X$6)) -> 0.2 | U11: =IF(OR(C11<>$X$2,P11=""),"",MIN(MAX(0,-S11)*$X$5,$X$6)) -> 0 | V11: =IF($Z$2="","",OR($D11=$Z$2,$E11=$Z$2,$F11=$Z$2,$G11=$Z$2)) -> TRUE | AA11: =IF($B11="","",YEAR($B11)) -> 2025 | AB11: =IF($Z$5="Todas",TRUE,$AA11=$Z$5) -> TRUE
A12: 11 | B12: 45791 | C12: Liga | D12: Israel Suárez | E12: Nacho Navidad | F12: Imobach González | G12: Yeray Armas | H12: 7 | I12: 5 | J12: 6 | K12: 2 | N12: =IF(OR(H12="",I12="",J12="",K12=""),"",(IF(H12>I12,1,0)+IF(J12>K12,1,0)+IF(AND(L12<>"",M12<>""),IF(L12>M12,1,0),0))) -> 2 | O12: =IF(N12="","",(IF(H12<I12,1,0)+IF(J12<K12,1,0)+IF(AND(L12<>"",M12<>""),IF(L12<M12,1,0),0))) -> 0 | P12: =IF(N12="","",IF(N12>O12,"A","B")) -> A | Q12: =IF(N12="","",H12+J12+IF(L12="",0,L12)) -> 13 | R12: =IF(N12="","",I12+K12+IF(M12="",0,M12)) -> 7 | S12: =IF(N12="","",Q12-R12) -> 6 | T12: =IF(OR(C12<>$X$2,P12=""),"",MIN(MAX(0,S12)*$X$5,$X$6)) -> 0.12 | U12: =IF(OR(C12<>$X$2,P12=""),"",MIN(MAX(0,-S12)*$X$5,$X$6)) -> 0 | V12: =IF($Z$2="","",OR($D12=$Z$2,$E12=$Z$2,$F12=$Z$2,$G12=$Z$2)) -> TRUE | AA12: =IF($B12="","",YEAR($B12)) -> 2025 | AB12: =IF($Z$5="Todas",TRUE,$AA12=$Z$5) -> TRUE
A13: 12 | B13: 45792 | C13: Liga | D13: Imobach González | E13: Alberto Nunes | F13: Cristo Marrero | G13: Guillermo Medina | H13: 3 | I13: 6 | J13: 2 | K13: 6 | N13: =IF(OR(H13="",I13="",J13="",K13=""),"",(IF(H13>I13,1,0)+IF(J13>K13,1,0)+IF(AND(L13<>"",M13<>""),IF(L13>M13,1,0),0))) -> 0 | O13: =IF(N13="","",(IF(H13<I13,1,0)+IF(J13<K13,1,0)+IF(AND(L13<>"",M13<>""),IF(L13<M13,1,0),0))) -> 2 | P13: =IF(N13="","",IF(N13>O13,"A","B")) -> B | Q13: =IF(N13="","",H13+J13+IF(L13="",0,L13)) -> 5 | R13: =IF(N13="","",I13+K13+IF(M13="",0,M13)) -> 12 | S13: =IF(N13="","",Q13-R13) -> -7 | T13: =IF(OR(C13<>$X$2,P13=""),"",MIN(MAX(0,S13)*$X$5,$X$6)) -> 0 | U13: =IF(OR(C13<>$X$2,P13=""),"",MIN(MAX(0,-S13)*$X$5,$X$6)) -> 0.14 | V13: =IF($Z$2="","",OR($D13=$Z$2,$E13=$Z$2,$F13=$Z$2,$G13=$Z$2)) -> FALSE | AA13: =IF($B13="","",YEAR($B13)) -> 2025 | AB13: =IF($Z$5="Todas",TRUE,$AA13=$Z$5) -> TRUE
A14: 13 | B14: 45797 | C14: Liga | D14: Javier Bonilla | E14: Javier suarez | F14: Carmelo Rosario | G14: Nacho Navidad | H14: 6 | I14: 2 | J14: 6 | K14: 7 | L14: 6 | M14: 3 | N14: =IF(OR(H14="",I14="",J14="",K14=""),"",(IF(H14>I14,1,0)+IF(J14>K14,1,0)+IF(AND(L14<>"",M14<>""),IF(L14>M14,1,0),0))) -> 2 | O14: =IF(N14="","",(IF(H14<I14,1,0)+IF(J14<K14,1,0)+IF(AND(L14<>"",M14<>""),IF(L14<M14,1,0),0))) -> 1 | P14: =IF(N14="","",IF(N14>O14,"A","B")) -> A | Q14: =IF(N14="","",H14+J14+IF(L14="",0,L14)) -> 18 | R14: =IF(N14="","",I14+K14+IF(M14="",0,M14)) -> 12 | S14: =IF(N14="","",Q14-R14) -> 6 | T14: =IF(OR(C14<>$X$2,P14=""),"",MIN(MAX(0,S14)*$X$5,$X$6)) -> 0.12 | U14: =IF(OR(C14<>$X$2,P14=""),"",MIN(MAX(0,-S14)*$X$5,$X$6)) -> 0 | V14: =IF($Z$2="","",OR($D14=$Z$2,$E14=$Z$2,$F14=$Z$2,$G14=$Z$2)) -> FALSE | AA14: =IF($B14="","",YEAR($B14)) -> 2025 | AB14: =IF($Z$5="Todas",TRUE,$AA14=$Z$5) -> TRUE
A15: 14 | B15: 45799 | C15: Liga | D15: Alberto Nunes | E15: Guillermo Medina | F15: Carmelo Rosario | G15: César Morales | H15: 2 | I15: 6 | J15: 1 | K15: 6 | N15: =IF(OR(H15="",I15="",J15="",K15=""),"",(IF(H15>I15,1,0)+IF(J15>K15,1,0)+IF(AND(L15<>"",M15<>""),IF(L15>M15,1,0),0))) -> 0 | O15: =IF(N15="","",(IF(H15<I15,1,0)+IF(J15<K15,1,0)+IF(AND(L15<>"",M15<>""),IF(L15<M15,1,0),0))) -> 2 | P15: =IF(N15="","",IF(N15>O15,"A","B")) -> B | Q15: =IF(N15="","",H15+J15+IF(L15="",0,L15)) -> 3 | R15: =IF(N15="","",I15+K15+IF(M15="",0,M15)) -> 12 | S15: =IF(N15="","",Q15-R15) -> -9 | T15: =IF(OR(C15<>$X$2,P15=""),"",MIN(MAX(0,S15)*$X$5,$X$6)) -> 0 | U15: =IF(OR(C15<>$X$2,P15=""),"",MIN(MAX(0,-S15)*$X$5,$X$6)) -> 0.18 | V15: =IF($Z$2="","",OR($D15=$Z$2,$E15=$Z$2,$F15=$Z$2,$G15=$Z$2)) -> FALSE | AA15: =IF($B15="","",YEAR($B15)) -> 2025 | AB15: =IF($Z$5="Todas",TRUE,$AA15=$Z$5) -> TRUE
A16: 15 | B16: 45799 | C16: Liga | D16: Carmelo Rosario | E16: Imobach González | F16: Javier Bonilla | G16: José López | H16: 6 | I16: 7 | J16: 0 | K16: 6 | N16: =IF(OR(H16="",I16="",J16="",K16=""),"",(IF(H16>I16,1,0)+IF(J16>K16,1,0)+IF(AND(L16<>"",M16<>""),IF(L16>M16,1,0),0))) -> 0 | O16: =IF(N16="","",(IF(H16<I16,1,0)+IF(J16<K16,1,0)+IF(AND(L16<>"",M16<>""),IF(L16<M16,1,0),0))) -> 2 | P16: =IF(N16="","",IF(N16>O16,"A","B")) -> B | Q16: =IF(N16="","",H16+J16+IF(L16="",0,L16)) -> 6 | R16: =IF(N16="","",I16+K16+IF(M16="",0,M16)) -> 13 | S16: =IF(N16="","",Q16-R16) -> -7 | T16: =IF(OR(C16<>$X$2,P16=""),"",MIN(MAX(0,S16)*$X$5,$X$6)) -> 0 | U16: =IF(OR(C16<>$X$2,P16=""),"",MIN(MAX(0,-S16)*$X$5,$X$6)) -> 0.14 | V16: =IF($Z$2="","",OR($D16=$Z$2,$E16=$Z$2,$F16=$Z$2,$G16=$Z$2)) -> FALSE | AA16: =IF($B16="","",YEAR($B16)) -> 2025 | AB16: =IF($Z$5="Todas",TRUE,$AA16=$Z$5) -> TRUE
A17: 16 | B17: 45800 | C17: Liga | D17: Carmelo Rosario | E17: Imobach González | F17: Javier suarez | G17: Nacho Navidad | H17: 6 | I17: 4 | J17: 7 | K17: 6 | N17: =IF(OR(H17="",I17="",J17="",K17=""),"",(IF(H17>I17,1,0)+IF(J17>K17,1,0)+IF(AND(L17<>"",M17<>""),IF(L17>M17,1,0),0))) -> 2 | O17: =IF(N17="","",(IF(H17<I17,1,0)+IF(J17<K17,1,0)+IF(AND(L17<>"",M17<>""),IF(L17<M17,1,0),0))) -> 0 | P17: =IF(N17="","",IF(N17>O17,"A","B")) -> A | Q17: =IF(N17="","",H17+J17+IF(L17="",0,L17)) -> 13 | R17: =IF(N17="","",I17+K17+IF(M17="",0,M17)) -> 10 | S17: =IF(N17="","",Q17-R17) -> 3 | T17: =IF(OR(C17<>$X$2,P17=""),"",MIN(MAX(0,S17)*$X$5,$X$6)) -> 0.06 | U17: =IF(OR(C17<>$X$2,P17=""),"",MIN(MAX(0,-S17)*$X$5,$X$6)) -> 0 | V17: =IF($Z$2="","",OR($D17=$Z$2,$E17=$Z$2,$F17=$Z$2,$G17=$Z$2)) -> FALSE | AA17: =IF($B17="","",YEAR($B17)) -> 2025 | AB17: =IF($Z$5="Todas",TRUE,$AA17=$Z$5) -> TRUE
A18: 17 | B18: 45804 | C18: Liga | D18: Israel Suárez | E18: Nacho Navidad | F18: Eva Pulido | G18: José López | H18: 4 | I18: 6 | J18: 4 | K18: 6 | N18: =IF(OR(H18="",I18="",J18="",K18=""),"",(IF(H18>I18,1,0)+IF(J18>K18,1,0)+IF(AND(L18<>"",M18<>""),IF(L18>M18,1,0),0))) -> 0 | O18: =IF(N18="","",(IF(H18<I18,1,0)+IF(J18<K18,1,0)+IF(AND(L18<>"",M18<>""),IF(L18<M18,1,0),0))) -> 2 | P18: =IF(N18="","",IF(N18>O18,"A","B")) -> B | Q18: =IF(N18="","",H18+J18+IF(L18="",0,L18)) -> 8 | R18: =IF(N18="","",I18+K18+IF(M18="",0,M18)) -> 12 | S18: =IF(N18="","",Q18-R18) -> -4 | T18: =IF(OR(C18<>$X$2,P18=""),"",MIN(MAX(0,S18)*$X$5,$X$6)) -> 0 | U18: =IF(OR(C18<>$X$2,P18=""),"",MIN(MAX(0,-S18)*$X$5,$X$6)) -> 0.08 | V18: =IF($Z$2="","",OR($D18=$Z$2,$E18=$Z$2,$F18=$Z$2,$G18=$Z$2)) -> FALSE | AA18: =IF($B18="","",YEAR($B18)) -> 2025 | AB18: =IF($Z$5="Todas",TRUE,$AA18=$Z$5) -> TRUE
A19: 18 | B19: 45806 | C19: Liga | D19: Imobach González | E19: Israel Suárez | F19: Alberto Nunes | G19: Carmelo Rosario | H19: 7 | I19: 5 | J19: 6 | K19: 1 | N19: =IF(OR(H19="",I19="",J19="",K19=""),"",(IF(H19>I19,1,0)+IF(J19>K19,1,0)+IF(AND(L19<>"",M19<>""),IF(L19>M19,1,0),0))) -> 2 | O19: =IF(N19="","",(IF(H19<I19,1,0)+IF(J19<K19,1,0)+IF(AND(L19<>"",M19<>""),IF(L19<M19,1,0),0))) -> 0 | P19: =IF(N19="","",IF(N19>O19,"A","B")) -> A | Q19: =IF(N19="","",H19+J19+IF(L19="",0,L19)) -> 13 | R19: =IF(N19="","",I19+K19+IF(M19="",0,M19)) -> 6 | S19: =IF(N19="","",Q19-R19) -> 7 | T19: =IF(OR(C19<>$X$2,P19=""),"",MIN(MAX(0,S19)*$X$5,$X$6)) -> 0.14 | U19: =IF(OR(C19<>$X$2,P19=""),"",MIN(MAX(0,-S19)*$X$5,$X$6)) -> 0 | V19: =IF($Z$2="","",OR($D19=$Z$2,$E19=$Z$2,$F19=$Z$2,$G19=$Z$2)) -> FALSE | AA19: =IF($B19="","",YEAR($B19)) -> 2025 | AB19: =IF($Z$5="Todas",TRUE,$AA19=$Z$5) -> TRUE
A20: 19 | B20: 45806 | C20: Liga | D20: Yeray Armas | E20: Cristo Marrero | F20: César Morales | G20: Javier suarez | H20: 1 | I20: 6 | J20: 4 | K20: 6 | N20: =IF(OR(H20="",I20="",J20="",K20=""),"",(IF(H20>I20,1,0)+IF(J20>K20,1,0)+IF(AND(L20<>"",M20<>""),IF(L20>M20,1,0),0))) -> 0 | O20: =IF(N20="","",(IF(H20<I20,1,0)+IF(J20<K20,1,0)+IF(AND(L20<>"",M20<>""),IF(L20<M20,1,0),0))) -> 2 | P20: =IF(N20="","",IF(N20>O20,"A","B")) -> B | Q20: =IF(N20="","",H20+J20+IF(L20="",0,L20)) -> 5 | R20: =IF(N20="","",I20+K20+IF(M20="",0,M20)) -> 12 | S20: =IF(N20="","",Q20-R20) -> -7 | T20: =IF(OR(C20<>$X$2,P20=""),"",MIN(MAX(0,S20)*$X$5,$X$6)) -> 0 | U20: =IF(OR(C20<>$X$2,P20=""),"",MIN(MAX(0,-S20)*$X$5,$X$6)) -> 0.14 | V20: =IF($Z$2="","",OR($D20=$Z$2,$E20=$Z$2,$F20=$Z$2,$G20=$Z$2)) -> TRUE | AA20: =IF($B20="","",YEAR($B20)) -> 2025 | AB20: =IF($Z$5="Todas",TRUE,$AA20=$Z$5) -> TRUE
A21: 20 | B21: 45811 | C21: Liga | D21: Imobach González | E21: Javier suarez | F21: Cristo Marrero | G21: Javier Bonilla | H21: 6 | I21: 4 | J21: 6 | K21: 2 | N21: =IF(OR(H21="",I21="",J21="",K21=""),"",(IF(H21>I21,1,0)+IF(J21>K21,1,0)+IF(AND(L21<>"",M21<>""),IF(L21>M21,1,0),0))) -> 2 | O21: =IF(N21="","",(IF(H21<I21,1,0)+IF(J21<K21,1,0)+IF(AND(L21<>"",M21<>""),IF(L21<M21,1,0),0))) -> 0 | P21: =IF(N21="","",IF(N21>O21,"A","B")) -> A | Q21: =IF(N21="","",H21+J21+IF(L21="",0,L21)) -> 12 | R21: =IF(N21="","",I21+K21+IF(M21="",0,M21)) -> 6 | S21: =IF(N21="","",Q21-R21) -> 6 | T21: =IF(OR(C21<>$X$2,P21=""),"",MIN(MAX(0,S21)*$X$5,$X$6)) -> 0.12 | U21: =IF(OR(C21<>$X$2,P21=""),"",MIN(MAX(0,-S21)*$X$5,$X$6)) -> 0 | V21: =IF($Z$2="","",OR($D21=$Z$2,$E21=$Z$2,$F21=$Z$2,$G21=$Z$2)) -> FALSE | AA21: =IF($B21="","",YEAR($B21)) -> 2025 | AB21: =IF($Z$5="Todas",TRUE,$AA21=$Z$5) -> TRUE
A22: 21 | B22: 45811 | C22: Liga | D22: Eva Pulido | E22: Nacho Navidad | F22: Guillermo Medina | G22: Wilfredo Santana | H22: 2 | I22: 6 | J22: 3 | K22: 6 | N22: =IF(OR(H22="",I22="",J22="",K22=""),"",(IF(H22>I22,1,0)+IF(J22>K22,1,0)+IF(AND(L22<>"",M22<>""),IF(L22>M22,1,0),0))) -> 0 | O22: =IF(N22="","",(IF(H22<I22,1,0)+IF(J22<K22,1,0)+IF(AND(L22<>"",M22<>""),IF(L22<M22,1,0),0))) -> 2 | P22: =IF(N22="","",IF(N22>O22,"A","B")) -> B | Q22: =IF(N22="","",H22+J22+IF(L22="",0,L22)) -> 5 | R22: =IF(N22="","",I22+K22+IF(M22="",0,M22)) -> 12 | S22: =IF(N22="","",Q22-R22) -> -7 | T22: =IF(OR(C22<>$X$2,P22=""),"",MIN(MAX(0,S22)*$X$5,$X$6)) -> 0 | U22: =IF(OR(C22<>$X$2,P22=""),"",MIN(MAX(0,-S22)*$X$5,$X$6)) -> 0.14 | V22: =IF($Z$2="","",OR($D22=$Z$2,$E22=$Z$2,$F22=$Z$2,$G22=$Z$2)) -> FALSE | AA22: =IF($B22="","",YEAR($B22)) -> 2025 | AB22: =IF($Z$5="Todas",TRUE,$AA22=$Z$5) -> TRUE
A23: 22 | B23: 45814 | C23: Liga | D23: Yeray Armas | E23: Carmelo Rosario | F23: Nacho Navidad | G23: Eva Pulido | H23: 6 | I23: 3 | J23: 6 | K23: 3 | N23: =IF(OR(H23="",I23="",J23="",K23=""),"",(IF(H23>I23,1,0)+IF(J23>K23,1,0)+IF(AND(L23<>"",M23<>""),IF(L23>M23,1,0),0))) -> 2 | O23: =IF(N23="","",(IF(H23<I23,1,0)+IF(J23<K23,1,0)+IF(AND(L23<>"",M23<>""),IF(L23<M23,1,0),0))) -> 0 | P23: =IF(N23="","",IF(N23>O23,"A","B")) -> A | Q23: =IF(N23="","",H23+J23+IF(L23="",0,L23)) -> 12 | R23: =IF(N23="","",I23+K23+IF(M23="",0,M23)) -> 6 | S23: =IF(N23="","",Q23-R23) -> 6 | T23: =IF(OR(C23<>$X$2,P23=""),"",MIN(MAX(0,S23)*$X$5,$X$6)) -> 0.12 | U23: =IF(OR(C23<>$X$2,P23=""),"",MIN(MAX(0,-S23)*$X$5,$X$6)) -> 0 | V23: =IF($Z$2="","",OR($D23=$Z$2,$E23=$Z$2,$F23=$Z$2,$G23=$Z$2)) -> TRUE | AA23: =IF($B23="","",YEAR($B23)) -> 2025 | AB23: =IF($Z$5="Todas",TRUE,$AA23=$Z$5) -> TRUE
A24: 23 | B24: 45814 | C24: Liga | D24: Imobach González | E24: Nacho Navidad | F24: Guillermo Medina | G24: Javier Bonilla | H24: 6 | I24: 1 | J24: 6 | K24: 3 | N24: =IF(OR(H24="",I24="",J24="",K24=""),"",(IF(H24>I24,1,0)+IF(J24>K24,1,0)+IF(AND(L24<>"",M24<>""),IF(L24>M24,1,0),0))) -> 2 | O24: =IF(N24="","",(IF(H24<I24,1,0)+IF(J24<K24,1,0)+IF(AND(L24<>"",M24<>""),IF(L24<M24,1,0),0))) -> 0 | P24: =IF(N24="","",IF(N24>O24,"A","B")) -> A | Q24: =IF(N24="","",H24+J24+IF(L24="",0,L24)) -> 12 | R24: =IF(N24="","",I24+K24+IF(M24="",0,M24)) -> 4 | S24: =IF(N24="","",Q24-R24) -> 8 | T24: =IF(OR(C24<>$X$2,P24=""),"",MIN(MAX(0,S24)*$X$5,$X$6)) -> 0.16 | U24: =IF(OR(C24<>$X$2,P24=""),"",MIN(MAX(0,-S24)*$X$5,$X$6)) -> 0 | V24: =IF($Z$2="","",OR($D24=$Z$2,$E24=$Z$2,$F24=$Z$2,$G24=$Z$2)) -> FALSE | AA24: =IF($B24="","",YEAR($B24)) -> 2025 | AB24: =IF($Z$5="Todas",TRUE,$AA24=$Z$5) -> TRUE
A25: 24 | B25: 45819 | C25: Liga | D25: Carmelo Rosario | E25: Javier Bonilla | F25: Imobach González | G25: Nacho Navidad | H25: 6 | I25: 2 | J25: 4 | K25: 6 | L25: 6 | M25: 2 | N25: =IF(OR(H25="",I25="",J25="",K25=""),"",(IF(H25>I25,1,0)+IF(J25>K25,1,0)+IF(AND(L25<>"",M25<>""),IF(L25>M25,1,0),0))) -> 2 | O25: =IF(N25="","",(IF(H25<I25,1,0)+IF(J25<K25,1,0)+IF(AND(L25<>"",M25<>""),IF(L25<M25,1,0),0))) -> 1 | P25: =IF(N25="","",IF(N25>O25,"A","B")) -> A | Q25: =IF(N25="","",H25+J25+IF(L25="",0,L25)) -> 16 | R25: =IF(N25="","",I25+K25+IF(M25="",0,M25)) -> 10 | S25: =IF(N25="","",Q25-R25) -> 6 | T25: =IF(OR(C25<>$X$2,P25=""),"",MIN(MAX(0,S25)*$X$5,$X$6)) -> 0.12 | U25: =IF(OR(C25<>$X$2,P25=""),"",MIN(MAX(0,-S25)*$X$5,$X$6)) -> 0 | V25: =IF($Z$2="","",OR($D25=$Z$2,$E25=$Z$2,$F25=$Z$2,$G25=$Z$2)) -> FALSE | AA25: =IF($B25="","",YEAR($B25)) -> 2025 | AB25: =IF($Z$5="Todas",TRUE,$AA25=$Z$5) -> TRUE
A26: 25 | B26: 45821 | C26: Liga | D26: Imobach González | E26: Javier Bonilla | F26: José López | G26: Nacho Navidad | H26: 3 | I26: 6 | J26: 2 | K26: 6 | N26: =IF(OR(H26="",I26="",J26="",K26=""),"",(IF(H26>I26,1,0)+IF(J26>K26,1,0)+IF(AND(L26<>"",M26<>""),IF(L26>M26,1,0),0))) -> 0 | O26: =IF(N26="","",(IF(H26<I26,1,0)+IF(J26<K26,1,0)+IF(AND(L26<>"",M26<>""),IF(L26<M26,1,0),0))) -> 2 | P26: =IF(N26="","",IF(N26>O26,"A","B")) -> B | Q26: =IF(N26="","",H26+J26+IF(L26="",0,L26)) -> 5 | R26: =IF(N26="","",I26+K26+IF(M26="",0,M26)) -> 12 | S26: =IF(N26="","",Q26-R26) -> -7 | T26: =IF(OR(C26<>$X$2,P26=""),"",MIN(MAX(0,S26)*$X$5,$X$6)) -> 0 | U26: =IF(OR(C26<>$X$2,P26=""),"",MIN(MAX(0,-S26)*$X$5,$X$6)) -> 0.14 | V26: =IF($Z$2="","",OR($D26=$Z$2,$E26=$Z$2,$F26=$Z$2,$G26=$Z$2)) -> FALSE | AA26: =IF($B26="","",YEAR($B26)) -> 2025 | AB26: =IF($Z$5="Todas",TRUE,$AA26=$Z$5) -> TRUE
A27: 26 | B27: 45828 | C27: Liga | D27: Eva Pulido | E27: Carmelo Rosario | F27: Guillermo Medina | G27: Nacho Navidad | H27: 6 | I27: 3 | J27: 1 | K27: 6 | L27: 6 | M27: 3 | N27: =IF(OR(H27="",I27="",J27="",K27=""),"",(IF(H27>I27,1,0)+IF(J27>K27,1,0)+IF(AND(L27<>"",M27<>""),IF(L27>M27,1,0),0))) -> 2 | O27: =IF(N27="","",(IF(H27<I27,1,0)+IF(J27<K27,1,0)+IF(AND(L27<>"",M27<>""),IF(L27<M27,1,0),0))) -> 1 | P27: =IF(N27="","",IF(N27>O27,"A","B")) -> A | Q27: =IF(N27="","",H27+J27+IF(L27="",0,L27)) -> 13 | R27: =IF(N27="","",I27+K27+IF(M27="",0,M27)) -> 12 | S27: =IF(N27="","",Q27-R27) -> 1 | T27: =IF(OR(C27<>$X$2,P27=""),"",MIN(MAX(0,S27)*$X$5,$X$6)) -> 0.02 | U27: =IF(OR(C27<>$X$2,P27=""),"",MIN(MAX(0,-S27)*$X$5,$X$6)) -> 0 | V27: =IF($Z$2="","",OR($D27=$Z$2,$E27=$Z$2,$F27=$Z$2,$G27=$Z$2)) -> FALSE | AA27: =IF($B27="","",YEAR($B27)) -> 2025 | AB27: =IF($Z$5="Todas",TRUE,$AA27=$Z$5) -> TRUE
A28: 27 | B28: 45839 | C28: Liga | D28: Yeray Armas | E28: Javier Bonilla | F28: Carmelo Rosario | G28: César Morales | H28: 3 | I28: 6 | J28: 2 | K28: 6 | N28: =IF(OR(H28="",I28="",J28="",K28=""),"",(IF(H28>I28,1,0)+IF(J28>K28,1,0)+IF(AND(L28<>"",M28<>""),IF(L28>M28,1,0),0))) -> 0 | O28: =IF(N28="","",(IF(H28<I28,1,0)+IF(J28<K28,1,0)+IF(AND(L28<>"",M28<>""),IF(L28<M28,1,0),0))) -> 2 | P28: =IF(N28="","",IF(N28>O28,"A","B")) -> B | Q28: =IF(N28="","",H28+J28+IF(L28="",0,L28)) -> 5 | R28: =IF(N28="","",I28+K28+IF(M28="",0,M28)) -> 12 | S28: =IF(N28="","",Q28-R28) -> -7 | T28: =IF(OR(C28<>$X$2,P28=""),"",MIN(MAX(0,S28)*$X$5,$X$6)) -> 0 | U28: =IF(OR(C28<>$X$2,P28=""),"",MIN(MAX(0,-S28)*$X$5,$X$6)) -> 0.14 | V28: =IF($Z$2="","",OR($D28=$Z$2,$E28=$Z$2,$F28=$Z$2,$G28=$Z$2)) -> TRUE | AA28: =IF($B28="","",YEAR($B28)) -> 2025 | AB28: =IF($Z$5="Todas",TRUE,$AA28=$Z$5) -> TRUE
A29: 28 | B29: 45840 | C29: Liga | D29: César Morales | E29: Alberto Nunes | F29: Israel Suárez | G29: Nacho Navidad | H29: 2 | I29: 6 | J29: 5 | K29: 7 | N29: =IF(OR(H29="",I29="",J29="",K29=""),"",(IF(H29>I29,1,0)+IF(J29>K29,1,0)+IF(AND(L29<>"",M29<>""),IF(L29>M29,1,0),0))) -> 0 | O29: =IF(N29="","",(IF(H29<I29,1,0)+IF(J29<K29,1,0)+IF(AND(L29<>"",M29<>""),IF(L29<M29,1,0),0))) -> 2 | P29: =IF(N29="","",IF(N29>O29,"A","B")) -> B | Q29: =IF(N29="","",H29+J29+IF(L29="",0,L29)) -> 7 | R29: =IF(N29="","",I29+K29+IF(M29="",0,M29)) -> 13 | S29: =IF(N29="","",Q29-R29) -> -6 | T29: =IF(OR(C29<>$X$2,P29=""),"",MIN(MAX(0,S29)*$X$5,$X$6)) -> 0 | U29: =IF(OR(C29<>$X$2,P29=""),"",MIN(MAX(0,-S29)*$X$5,$X$6)) -> 0.12 | V29: =IF($Z$2="","",OR($D29=$Z$2,$E29=$Z$2,$F29=$Z$2,$G29=$Z$2)) -> FALSE | AA29: =IF($B29="","",YEAR($B29)) -> 2025 | AB29: =IF($Z$5="Todas",TRUE,$AA29=$Z$5) -> TRUE
A30: 29 | B30: 45841 | C30: Liga | D30: Israel Suárez | E30: Yeray Armas | F30: Javier suarez | G30: Guillermo Medina | H30: 0 | I30: 6 | J30: 0 | K30: 6 | N30: =IF(OR(H30="",I30="",J30="",K30=""),"",(IF(H30>I30,1,0)+IF(J30>K30,1,0)+IF(AND(L30<>"",M30<>""),IF(L30>M30,1,0),0))) -> 0 | O30: =IF(N30="","",(IF(H30<I30,1,0)+IF(J30<K30,1,0)+IF(AND(L30<>"",M30<>""),IF(L30<M30,1,0),0))) -> 2 | P30: =IF(N30="","",IF(N30>O30,"A","B")) -> B | Q30: =IF(N30="","",H30+J30+IF(L30="",0,L30)) -> 0 | R30: =IF(N30="","",I30+K30+IF(M30="",0,M30)) -> 12 | S30: =IF(N30="","",Q30-R30) -> -12 | T30: =IF(OR(C30<>$X$2,P30=""),"",MIN(MAX(0,S30)*$X$5,$X$6)) -> 0 | U30: =IF(OR(C30<>$X$2,P30=""),"",MIN(MAX(0,-S30)*$X$5,$X$6)) -> 0.24 | V30: =IF($Z$2="","",OR($D30=$Z$2,$E30=$Z$2,$F30=$Z$2,$G30=$Z$2)) -> TRUE | AA30: =IF($B30="","",YEAR($B30)) -> 2025 | AB30: =IF($Z$5="Todas",TRUE,$AA30=$Z$5) -> TRUE
A31: 30 | B31: 45841 | C31: Liga | D31: Israel Suárez | E31: Guillermo Medina | F31: Yeray Armas | G31: Javier suarez | H31: 5 | I31: 7 | J31: 6 | K31: 2 | L31: 6 | M31: 4 | N31: =IF(OR(H31="",I31="",J31="",K31=""),"",(IF(H31>I31,1,0)+IF(J31>K31,1,0)+IF(AND(L31<>"",M31<>""),IF(L31>M31,1,0),0))) -> 2 | O31: =IF(N31="","",(IF(H31<I31,1,0)+IF(J31<K31,1,0)+IF(AND(L31<>"",M31<>""),IF(L31<M31,1,0),0))) -> 1 | P31: =IF(N31="","",IF(N31>O31,"A","B")) -> A | Q31: =IF(N31="","",H31+J31+IF(L31="",0,L31)) -> 17 | R31: =IF(N31="","",I31+K31+IF(M31="",0,M31)) -> 13 | S31: =IF(N31="","",Q31-R31) -> 4 | T31: =IF(OR(C31<>$X$2,P31=""),"",MIN(MAX(0,S31)*$X$5,$X$6)) -> 0.08 | U31: =IF(OR(C31<>$X$2,P31=""),"",MIN(MAX(0,-S31)*$X$5,$X$6)) -> 0 | V31: =IF($Z$2="","",OR($D31=$Z$2,$E31=$Z$2,$F31=$Z$2,$G31=$Z$2)) -> TRUE | AA31: =IF($B31="","",YEAR($B31)) -> 2025 | AB31: =IF($Z$5="Todas",TRUE,$AA31=$Z$5) -> TRUE
A32: 31 | B32: 45842 | C32: Liga | D32: Imobach González | E32: Yeray Armas | F32: Guillermo Medina | G32: Israel Suárez | H32: 3 | I32: 6 | J32: 6 | K32: 4 | L32: 5 | M32: 7 | N32: =IF(OR(H32="",I32="",J32="",K32=""),"",(IF(H32>I32,1,0)+IF(J32>K32,1,0)+IF(AND(L32<>"",M32<>""),IF(L32>M32,1,0),0))) -> 1 | O32: =IF(N32="","",(IF(H32<I32,1,0)+IF(J32<K32,1,0)+IF(AND(L32<>"",M32<>""),IF(L32<M32,1,0),0))) -> 2 | P32: =IF(N32="","",IF(N32>O32,"A","B")) -> B | Q32: =IF(N32="","",H32+J32+IF(L32="",0,L32)) -> 14 | R32: =IF(N32="","",I32+K32+IF(M32="",0,M32)) -> 17 | S32: =IF(N32="","",Q32-R32) -> -3 | T32: =IF(OR(C32<>$X$2,P32=""),"",MIN(MAX(0,S32)*$X$5,$X$6)) -> 0 | U32: =IF(OR(C32<>$X$2,P32=""),"",MIN(MAX(0,-S32)*$X$5,$X$6)) -> 0.06 | V32: =IF($Z$2="","",OR($D32=$Z$2,$E32=$Z$2,$F32=$Z$2,$G32=$Z$2)) -> TRUE | AA32: =IF($B32="","",YEAR($B32)) -> 2025 | AB32: =IF($Z$5="Todas",TRUE,$AA32=$Z$5) -> TRUE
A33: 32 | B33: 45847 | C33: Liga | D33: Israel Suárez | E33: Carmelo Rosario | F33: Guillermo Medina | G33: Alberto Nunes | H33: 6 | I33: 2 | J33: 4 | K33: 6 | L33: 6 | M33: 2 | N33: =IF(OR(H33="",I33="",J33="",K33=""),"",(IF(H33>I33,1,0)+IF(J33>K33,1,0)+IF(AND(L33<>"",M33<>""),IF(L33>M33,1,0),0))) -> 2 | O33: =IF(N33="","",(IF(H33<I33,1,0)+IF(J33<K33,1,0)+IF(AND(L33<>"",M33<>""),IF(L33<M33,1,0),0))) -> 1 | P33: =IF(N33="","",IF(N33>O33,"A","B")) -> A | Q33: =IF(N33="","",H33+J33+IF(L33="",0,L33)) -> 16 | R33: =IF(N33="","",I33+K33+IF(M33="",0,M33)) -> 10 | S33: =IF(N33="","",Q33-R33) -> 6 | T33: =IF(OR(C33<>$X$2,P33=""),"",MIN(MAX(0,S33)*$X$5,$X$6)) -> 0.12 | U33: =IF(OR(C33<>$X$2,P33=""),"",MIN(MAX(0,-S33)*$X$5,$X$6)) -> 0 | V33: =IF($Z$2="","",OR($D33=$Z$2,$E33=$Z$2,$F33=$Z$2,$G33=$Z$2)) -> FALSE | AA33: =IF($B33="","",YEAR($B33)) -> 2025 | AB33: =IF($Z$5="Todas",TRUE,$AA33=$Z$5) -> TRUE
A34: 33 | B34: 45848 | C34: Liga | D34: Yeray Armas | E34: Javier Bonilla | F34: Carmelo Rosario | G34: José Fernando | H34: 6 | I34: 4 | J34: 4 | K34: 6 | L34: 2 | M34: 6 | N34: =IF(OR(H34="",I34="",J34="",K34=""),"",(IF(H34>I34,1,0)+IF(J34>K34,1,0)+IF(AND(L34<>"",M34<>""),IF(L34>M34,1,0),0))) -> 1 | O34: =IF(N34="","",(IF(H34<I34,1,0)+IF(J34<K34,1,0)+IF(AND(L34<>"",M34<>""),IF(L34<M34,1,0),0))) -> 2 | P34: =IF(N34="","",IF(N34>O34,"A","B")) -> B | Q34: =IF(N34="","",H34+J34+IF(L34="",0,L34)) -> 12 | R34: =IF(N34="","",I34+K34+IF(M34="",0,M34)) -> 16 | S34: =IF(N34="","",Q34-R34) -> -4 | T34: =IF(OR(C34<>$X$2,P34=""),"",MIN(MAX(0,S34)*$X$5,$X$6)) -> 0 | U34: =IF(OR(C34<>$X$2,P34=""),"",MIN(MAX(0,-S34)*$X$5,$X$6)) -> 0.08 | V34: =IF($Z$2="","",OR($D34=$Z$2,$E34=$Z$2,$F34=$Z$2,$G34=$Z$2)) -> TRUE | AA34: =IF($B34="","",YEAR($B34)) -> 2025 | AB34: =IF($Z$5="Todas",TRUE,$AA34=$Z$5) -> TRUE
A35: 34 | B35: 45849 | C35: Liga | D35: Imobach González | E35: Javier suarez | F35: Carmelo Rosario | G35: Eva Pulido | H35: 6 | I35: 1 | J35: 6 | K35: 1 | N35: =IF(OR(H35="",I35="",J35="",K35=""),"",(IF(H35>I35,1,0)+IF(J35>K35,1,0)+IF(AND(L35<>"",M35<>""),IF(L35>M35,1,0),0))) -> 2 | O35: =IF(N35="","",(IF(H35<I35,1,0)+IF(J35<K35,1,0)+IF(AND(L35<>"",M35<>""),IF(L35<M35,1,0),0))) -> 0 | P35: =IF(N35="","",IF(N35>O35,"A","B")) -> A | Q35: =IF(N35="","",H35+J35+IF(L35="",0,L35)) -> 12 | R35: =IF(N35="","",I35+K35+IF(M35="",0,M35)) -> 2 | S35: =IF(N35="","",Q35-R35) -> 10 | T35: =IF(OR(C35<>$X$2,P35=""),"",MIN(MAX(0,S35)*$X$5,$X$6)) -> 0.2 | U35: =IF(OR(C35<>$X$2,P35=""),"",MIN(MAX(0,-S35)*$X$5,$X$6)) -> 0 | V35: =IF($Z$2="","",OR($D35=$Z$2,$E35=$Z$2,$F35=$Z$2,$G35=$Z$2)) -> FALSE | AA35: =IF($B35="","",YEAR($B35)) -> 2025 | AB35: =IF($Z$5="Todas",TRUE,$AA35=$Z$5) -> TRUE
A36: 35 | B36: 45852 | C36: Liga | D36: Alberto Nunes | E36: Cristo Marrero | F36: Carmelo Rosario | G36: Javier Bonilla | H36: 5 | I36: 7 | J36: 6 | K36: 4 | L36: 4 | M36: 6 | N36: =IF(OR(H36="",I36="",J36="",K36=""),"",(IF(H36>I36,1,0)+IF(J36>K36,1,0)+IF(AND(L36<>"",M36<>""),IF(L36>M36,1,0),0))) -> 1 | O36: =IF(N36="","",(IF(H36<I36,1,0)+IF(J36<K36,1,0)+IF(AND(L36<>"",M36<>""),IF(L36<M36,1,0),0))) -> 2 | P36: =IF(N36="","",IF(N36>O36,"A","B")) -> B | Q36: =IF(N36="","",H36+J36+IF(L36="",0,L36)) -> 15 | R36: =IF(N36="","",I36+K36+IF(M36="",0,M36)) -> 17 | S36: =IF(N36="","",Q36-R36) -> -2 | T36: =IF(OR(C36<>$X$2,P36=""),"",MIN(MAX(0,S36)*$X$5,$X$6)) -> 0 | U36: =IF(OR(C36<>$X$2,P36=""),"",MIN(MAX(0,-S36)*$X$5,$X$6)) -> 0.04 | V36: =IF($Z$2="","",OR($D36=$Z$2,$E36=$Z$2,$F36=$Z$2,$G36=$Z$2)) -> FALSE | AA36: =IF($B36="","",YEAR($B36)) -> 2025 | AB36: =IF($Z$5="Todas",TRUE,$AA36=$Z$5) -> TRUE
A37: 36 | B37: 45854 | C37: Liga | D37: Cristo Marrero | E37: Nacho Navidad | F37: Guillermo Medina | G37: Eva Pulido | H37: 6 | I37: 0 | J37: 6 | K37: 4 | N37: =IF(OR(H37="",I37="",J37="",K37=""),"",(IF(H37>I37,1,0)+IF(J37>K37,1,0)+IF(AND(L37<>"",M37<>""),IF(L37>M37,1,0),0))) -> 2 | O37: =IF(N37="","",(IF(H37<I37,1,0)+IF(J37<K37,1,0)+IF(AND(L37<>"",M37<>""),IF(L37<M37,1,0),0))) -> 0 | P37: =IF(N37="","",IF(N37>O37,"A","B")) -> A | Q37: =IF(N37="","",H37+J37+IF(L37="",0,L37)) -> 12 | R37: =IF(N37="","",I37+K37+IF(M37="",0,M37)) -> 4 | S37: =IF(N37="","",Q37-R37) -> 8 | T37: =IF(OR(C37<>$X$2,P37=""),"",MIN(MAX(0,S37)*$X$5,$X$6)) -> 0.16 | U37: =IF(OR(C37<>$X$2,P37=""),"",MIN(MAX(0,-S37)*$X$5,$X$6)) -> 0 | V37: =IF($Z$2="","",OR($D37=$Z$2,$E37=$Z$2,$F37=$Z$2,$G37=$Z$2)) -> FALSE | AA37: =IF($B37="","",YEAR($B37)) -> 2025 | AB37: =IF($Z$5="Todas",TRUE,$AA37=$Z$5) -> TRUE
A38: 37 | B38: 45854 | C38: Liga | D38: Cristo Marrero | E38: Eva Pulido | F38: Guillermo Medina | G38: Nacho Navidad | H38: 6 | I38: 4 | J38: 6 | K38: 0 | N38: =IF(OR(H38="",I38="",J38="",K38=""),"",(IF(H38>I38,1,0)+IF(J38>K38,1,0)+IF(AND(L38<>"",M38<>""),IF(L38>M38,1,0),0))) -> 2 | O38: =IF(N38="","",(IF(H38<I38,1,0)+IF(J38<K38,1,0)+IF(AND(L38<>"",M38<>""),IF(L38<M38,1,0),0))) -> 0 | P38: =IF(N38="","",IF(N38>O38,"A","B")) -> A | Q38: =IF(N38="","",H38+J38+IF(L38="",0,L38)) -> 12 | R38: =IF(N38="","",I38+K38+IF(M38="",0,M38)) -> 4 | S38: =IF(N38="","",Q38-R38) -> 8 | T38: =IF(OR(C38<>$X$2,P38=""),"",MIN(MAX(0,S38)*$X$5,$X$6)) -> 0.16 | U38: =IF(OR(C38<>$X$2,P38=""),"",MIN(MAX(0,-S38)*$X$5,$X$6)) -> 0 | V38: =IF($Z$2="","",OR($D38=$Z$2,$E38=$Z$2,$F38=$Z$2,$G38=$Z$2)) -> FALSE | AA38: =IF($B38="","",YEAR($B38)) -> 2025 | AB38: =IF($Z$5="Todas",TRUE,$AA38=$Z$5) -> TRUE
A39: 38 | B39: 45854 | C39: Liga | D39: Javier Bonilla | E39: Yeray Armas | F39: Javier suarez | G39: Carmelo Rosario | H39: 2 | I39: 6 | J39: 1 | K39: 6 | N39: =IF(OR(H39="",I39="",J39="",K39=""),"",(IF(H39>I39,1,0)+IF(J39>K39,1,0)+IF(AND(L39<>"",M39<>""),IF(L39>M39,1,0),0))) -> 0 | O39: =IF(N39="","",(IF(H39<I39,1,0)+IF(J39<K39,1,0)+IF(AND(L39<>"",M39<>""),IF(L39<M39,1,0),0))) -> 2 | P39: =IF(N39="","",IF(N39>O39,"A","B")) -> B | Q39: =IF(N39="","",H39+J39+IF(L39="",0,L39)) -> 3 | R39: =IF(N39="","",I39+K39+IF(M39="",0,M39)) -> 12 | S39: =IF(N39="","",Q39-R39) -> -9 | T39: =IF(OR(C39<>$X$2,P39=""),"",MIN(MAX(0,S39)*$X$5,$X$6)) -> 0 | U39: =IF(OR(C39<>$X$2,P39=""),"",MIN(MAX(0,-S39)*$X$5,$X$6)) -> 0.18 | V39: =IF($Z$2="","",OR($D39=$Z$2,$E39=$Z$2,$F39=$Z$2,$G39=$Z$2)) -> TRUE | AA39: =IF($B39="","",YEAR($B39)) -> 2025 | AB39: =IF($Z$5="Todas",TRUE,$AA39=$Z$5) -> TRUE
A40: 39 | B40: 45855 | C40: Liga | D40: Cristo Marrero | E40: Eva Pulido | F40: Nacho Navidad | G40: José Fernando | H40: 6 | I40: 4 | J40: 6 | K40: 3 | N40: =IF(OR(H40="",I40="",J40="",K40=""),"",(IF(H40>I40,1,0)+IF(J40>K40,1,0)+IF(AND(L40<>"",M40<>""),IF(L40>M40,1,0),0))) -> 2 | O40: =IF(N40="","",(IF(H40<I40,1,0)+IF(J40<K40,1,0)+IF(AND(L40<>"",M40<>""),IF(L40<M40,1,0),0))) -> 0 | P40: =IF(N40="","",IF(N40>O40,"A","B")) -> A | Q40: =IF(N40="","",H40+J40+IF(L40="",0,L40)) -> 12 | R40: =IF(N40="","",I40+K40+IF(M40="",0,M40)) -> 7 | S40: =IF(N40="","",Q40-R40) -> 5 | T40: =IF(OR(C40<>$X$2,P40=""),"",MIN(MAX(0,S40)*$X$5,$X$6)) -> 0.1 | U40: =IF(OR(C40<>$X$2,P40=""),"",MIN(MAX(0,-S40)*$X$5,$X$6)) -> 0 | V40: =IF($Z$2="","",OR($D40=$Z$2,$E40=$Z$2,$F40=$Z$2,$G40=$Z$2)) -> FALSE | AA40: =IF($B40="","",YEAR($B40)) -> 2025 | AB40: =IF($Z$5="Todas",TRUE,$AA40=$Z$5) -> TRUE
A41: 40 | B41: 45855 | C41: Liga | D41: Alberto Nunes | E41: Imobach González | F41: Carmelo Rosario | G41: Yeray Armas | H41: 6 | I41: 2 | J41: 4 | K41: 6 | L41: 6 | M41: 3 | N41: =IF(OR(H41="",I41="",J41="",K41=""),"",(IF(H41>I41,1,0)+IF(J41>K41,1,0)+IF(AND(L41<>"",M41<>""),IF(L41>M41,1,0),0))) -> 2 | O41: =IF(N41="","",(IF(H41<I41,1,0)+IF(J41<K41,1,0)+IF(AND(L41<>"",M41<>""),IF(L41<M41,1,0),0))) -> 1 | P41: =IF(N41="","",IF(N41>O41,"A","B")) -> A | Q41: =IF(N41="","",H41+J41+IF(L41="",0,L41)) -> 16 | R41: =IF(N41="","",I41+K41+IF(M41="",0,M41)) -> 11 | S41: =IF(N41="","",Q41-R41) -> 5 | T41: =IF(OR(C41<>$X$2,P41=""),"",MIN(MAX(0,S41)*$X$5,$X$6)) -> 0.1 | U41: =IF(OR(C41<>$X$2,P41=""),"",MIN(MAX(0,-S41)*$X$5,$X$6)) -> 0 | V41: =IF($Z$2="","",OR($D41=$Z$2,$E41=$Z$2,$F41=$Z$2,$G41=$Z$2)) -> TRUE | AA41: =IF($B41="","",YEAR($B41)) -> 2025 | AB41: =IF($Z$5="Todas",TRUE,$AA41=$Z$5) -> TRUE
A42: 41 | B42: 45856 | C42: Liga | D42: Carmelo Rosario | E42: Imobach González | F42: Eva Pulido | G42: Javier suarez | H42: 6 | I42: 4 | J42: 6 | K42: 2 | N42: =IF(OR(H42="",I42="",J42="",K42=""),"",(IF(H42>I42,1,0)+IF(J42>K42,1,0)+IF(AND(L42<>"",M42<>""),IF(L42>M42,1,0),0))) -> 2 | O42: =IF(N42="","",(IF(H42<I42,1,0)+IF(J42<K42,1,0)+IF(AND(L42<>"",M42<>""),IF(L42<M42,1,0),0))) -> 0 | P42: =IF(N42="","",IF(N42>O42,"A","B")) -> A | Q42: =IF(N42="","",H42+J42+IF(L42="",0,L42)) -> 12 | R42: =IF(N42="","",I42+K42+IF(M42="",0,M42)) -> 6 | S42: =IF(N42="","",Q42-R42) -> 6 | T42: =IF(OR(C42<>$X$2,P42=""),"",MIN(MAX(0,S42)*$X$5,$X$6)) -> 0.12 | U42: =IF(OR(C42<>$X$2,P42=""),"",MIN(MAX(0,-S42)*$X$5,$X$6)) -> 0 | V42: =IF($Z$2="","",OR($D42=$Z$2,$E42=$Z$2,$F42=$Z$2,$G42=$Z$2)) -> FALSE | AA42: =IF($B42="","",YEAR($B42)) -> 2025 | AB42: =IF($Z$5="Todas",TRUE,$AA42=$Z$5) -> TRUE
A43: 42 | B43: 45859 | C43: Liga | D43: Yeray Armas | E43: Javier Bonilla | F43: Carmelo Rosario | G43: Alberto Nunes | H43: 2 | I43: 6 | J43: 5 | K43: 7 | N43: =IF(OR(H43="",I43="",J43="",K43=""),"",(IF(H43>I43,1,0)+IF(J43>K43,1,0)+IF(AND(L43<>"",M43<>""),IF(L43>M43,1,0),0))) -> 0 | O43: =IF(N43="","",(IF(H43<I43,1,0)+IF(J43<K43,1,0)+IF(AND(L43<>"",M43<>""),IF(L43<M43,1,0),0))) -> 2 | P43: =IF(N43="","",IF(N43>O43,"A","B")) -> B | Q43: =IF(N43="","",H43+J43+IF(L43="",0,L43)) -> 7 | R43: =IF(N43="","",I43+K43+IF(M43="",0,M43)) -> 13 | S43: =IF(N43="","",Q43-R43) -> -6 | T43: =IF(OR(C43<>$X$2,P43=""),"",MIN(MAX(0,S43)*$X$5,$X$6)) -> 0 | U43: =IF(OR(C43<>$X$2,P43=""),"",MIN(MAX(0,-S43)*$X$5,$X$6)) -> 0.12 | V43: =IF($Z$2="","",OR($D43=$Z$2,$E43=$Z$2,$F43=$Z$2,$G43=$Z$2)) -> TRUE | AA43: =IF($B43="","",YEAR($B43)) -> 2025 | AB43: =IF($Z$5="Todas",TRUE,$AA43=$Z$5) -> TRUE
A44: 43 | B44: 45860 | C44: Liga | D44: Yeray Armas | E44: Carmelo Rosario | F44: Alberto Nunes | G44: Javier Bonilla | H44: 3 | I44: 6 | J44: 4 | K44: 6 | N44: =IF(OR(H44="",I44="",J44="",K44=""),"",(IF(H44>I44,1,0)+IF(J44>K44,1,0)+IF(AND(L44<>"",M44<>""),IF(L44>M44,1,0),0))) -> 0 | O44: =IF(N44="","",(IF(H44<I44,1,0)+IF(J44<K44,1,0)+IF(AND(L44<>"",M44<>""),IF(L44<M44,1,0),0))) -> 2 | P44: =IF(N44="","",IF(N44>O44,"A","B")) -> B | Q44: =IF(N44="","",H44+J44+IF(L44="",0,L44)) -> 7 | R44: =IF(N44="","",I44+K44+IF(M44="",0,M44)) -> 12 | S44: =IF(N44="","",Q44-R44) -> -5 | T44: =IF(OR(C44<>$X$2,P44=""),"",MIN(MAX(0,S44)*$X$5,$X$6)) -> 0 | U44: =IF(OR(C44<>$X$2,P44=""),"",MIN(MAX(0,-S44)*$X$5,$X$6)) -> 0.1 | V44: =IF($Z$2="","",OR($D44=$Z$2,$E44=$Z$2,$F44=$Z$2,$G44=$Z$2)) -> TRUE | AA44: =IF($B44="","",YEAR($B44)) -> 2025 | AB44: =IF($Z$5="Todas",TRUE,$AA44=$Z$5) -> TRUE
A45: 44 | B45: 45860 | C45: Liga | D45: Yeray Armas | E45: Guillermo Medina | F45: Alberto Pulido | G45: Javier suarez | H45: 2 | I45: 6 | J45: 2 | K45: 6 | N45: =IF(OR(H45="",I45="",J45="",K45=""),"",(IF(H45>I45,1,0)+IF(J45>K45,1,0)+IF(AND(L45<>"",M45<>""),IF(L45>M45,1,0),0))) -> 0 | O45: =IF(N45="","",(IF(H45<I45,1,0)+IF(J45<K45,1,0)+IF(AND(L45<>"",M45<>""),IF(L45<M45,1,0),0))) -> 2 | P45: =IF(N45="","",IF(N45>O45,"A","B")) -> B | Q45: =IF(N45="","",H45+J45+IF(L45="",0,L45)) -> 4 | R45: =IF(N45="","",I45+K45+IF(M45="",0,M45)) -> 12 | S45: =IF(N45="","",Q45-R45) -> -8 | T45: =IF(OR(C45<>$X$2,P45=""),"",MIN(MAX(0,S45)*$X$5,$X$6)) -> 0 | U45: =IF(OR(C45<>$X$2,P45=""),"",MIN(MAX(0,-S45)*$X$5,$X$6)) -> 0.16 | V45: =IF($Z$2="","",OR($D45=$Z$2,$E45=$Z$2,$F45=$Z$2,$G45=$Z$2)) -> TRUE | AA45: =IF($B45="","",YEAR($B45)) -> 2025 | AB45: =IF($Z$5="Todas",TRUE,$AA45=$Z$5) -> TRUE
A46: 45 | B46: 45863 | C46: Liga | D46: Cristo Marrero | E46: Wilfredo Santana | F46: Imobach González | G46: Javier Bonilla | H46: 4 | I46: 6 | J46: 2 | K46: 6 | N46: =IF(OR(H46="",I46="",J46="",K46=""),"",(IF(H46>I46,1,0)+IF(J46>K46,1,0)+IF(AND(L46<>"",M46<>""),IF(L46>M46,1,0),0))) -> 0 | O46: =IF(N46="","",(IF(H46<I46,1,0)+IF(J46<K46,1,0)+IF(AND(L46<>"",M46<>""),IF(L46<M46,1,0),0))) -> 2 | P46: =IF(N46="","",IF(N46>O46,"A","B")) -> B | Q46: =IF(N46="","",H46+J46+IF(L46="",0,L46)) -> 6 | R46: =IF(N46="","",I46+K46+IF(M46="",0,M46)) -> 12 | S46: =IF(N46="","",Q46-R46) -> -6 | T46: =IF(OR(C46<>$X$2,P46=""),"",MIN(MAX(0,S46)*$X$5,$X$6)) -> 0 | U46: =IF(OR(C46<>$X$2,P46=""),"",MIN(MAX(0,-S46)*$X$5,$X$6)) -> 0.12 | V46: =IF($Z$2="","",OR($D46=$Z$2,$E46=$Z$2,$F46=$Z$2,$G46=$Z$2)) -> FALSE | AA46: =IF($B46="","",YEAR($B46)) -> 2025 | AB46: =IF($Z$5="Todas",TRUE,$AA46=$Z$5) -> TRUE
A47: 46 | B47: 45863 | C47: Liga | D47: Javier Bonilla | E47: Carmelo Rosario | F47: Alberto Pulido | G47: Alberto Nunes | H47: 6 | I47: 2 | J47: 7 | K47: 5 | N47: =IF(OR(H47="",I47="",J47="",K47=""),"",(IF(H47>I47,1,0)+IF(J47>K47,1,0)+IF(AND(L47<>"",M47<>""),IF(L47>M47,1,0),0))) -> 2 | O47: =IF(N47="","",(IF(H47<I47,1,0)+IF(J47<K47,1,0)+IF(AND(L47<>"",M47<>""),IF(L47<M47,1,0),0))) -> 0 | P47: =IF(N47="","",IF(N47>O47,"A","B")) -> A | Q47: =IF(N47="","",H47+J47+IF(L47="",0,L47)) -> 13 | R47: =IF(N47="","",I47+K47+IF(M47="",0,M47)) -> 7 | S47: =IF(N47="","",Q47-R47) -> 6 | T47: =IF(OR(C47<>$X$2,P47=""),"",MIN(MAX(0,S47)*$X$5,$X$6)) -> 0.12 | U47: =IF(OR(C47<>$X$2,P47=""),"",MIN(MAX(0,-S47)*$X$5,$X$6)) -> 0 | V47: =IF($Z$2="","",OR($D47=$Z$2,$E47=$Z$2,$F47=$Z$2,$G47=$Z$2)) -> FALSE | AA47: =IF($B47="","",YEAR($B47)) -> 2025 | AB47: =IF($Z$5="Todas",TRUE,$AA47=$Z$5) -> TRUE
A48: 47 | B48: 45863 | C48: Liga | D48: Yeray Armas | E48: Javier suarez | F48: Alberto Nunes | G48: Carmelo Rosario | H48: 6 | I48: 4 | J48: 7 | K48: 6 | N48: =IF(OR(H48="",I48="",J48="",K48=""),"",(IF(H48>I48,1,0)+IF(J48>K48,1,0)+IF(AND(L48<>"",M48<>""),IF(L48>M48,1,0),0))) -> 2 | O48: =IF(N48="","",(IF(H48<I48,1,0)+IF(J48<K48,1,0)+IF(AND(L48<>"",M48<>""),IF(L48<M48,1,0),0))) -> 0 | P48: =IF(N48="","",IF(N48>O48,"A","B")) -> A | Q48: =IF(N48="","",H48+J48+IF(L48="",0,L48)) -> 13 | R48: =IF(N48="","",I48+K48+IF(M48="",0,M48)) -> 10 | S48: =IF(N48="","",Q48-R48) -> 3 | T48: =IF(OR(C48<>$X$2,P48=""),"",MIN(MAX(0,S48)*$X$5,$X$6)) -> 0.06 | U48: =IF(OR(C48<>$X$2,P48=""),"",MIN(MAX(0,-S48)*$X$5,$X$6)) -> 0 | V48: =IF($Z$2="","",OR($D48=$Z$2,$E48=$Z$2,$F48=$Z$2,$G48=$Z$2)) -> TRUE | AA48: =IF($B48="","",YEAR($B48)) -> 2025 | AB48: =IF($Z$5="Todas",TRUE,$AA48=$Z$5) -> TRUE
A49: 48 | B49: 45866 | C49: Liga | D49: Yeray Armas | E49: Wilfredo Santana | F49: Javier suarez | G49: Eva Pulido | H49: 2 | I49: 6 | J49: 5 | K49: 7 | N49: =IF(OR(H49="",I49="",J49="",K49=""),"",(IF(H49>I49,1,0)+IF(J49>K49,1,0)+IF(AND(L49<>"",M49<>""),IF(L49>M49,1,0),0))) -> 0 | O49: =IF(N49="","",(IF(H49<I49,1,0)+IF(J49<K49,1,0)+IF(AND(L49<>"",M49<>""),IF(L49<M49,1,0),0))) -> 2 | P49: =IF(N49="","",IF(N49>O49,"A","B")) -> B | Q49: =IF(N49="","",H49+J49+IF(L49="",0,L49)) -> 7 | R49: =IF(N49="","",I49+K49+IF(M49="",0,M49)) -> 13 | S49: =IF(N49="","",Q49-R49) -> -6 | T49: =IF(OR(C49<>$X$2,P49=""),"",MIN(MAX(0,S49)*$X$5,$X$6)) -> 0 | U49: =IF(OR(C49<>$X$2,P49=""),"",MIN(MAX(0,-S49)*$X$5,$X$6)) -> 0.12 | V49: =IF($Z$2="","",OR($D49=$Z$2,$E49=$Z$2,$F49=$Z$2,$G49=$Z$2)) -> TRUE | AA49: =IF($B49="","",YEAR($B49)) -> 2025 | AB49: =IF($Z$5="Todas",TRUE,$AA49=$Z$5) -> TRUE
A50: 49 | B50: 45868 | C50: Liga | D50: Carmelo Rosario | E50: Imobach González | F50: Eva Pulido | G50: Javier suarez | H50: 4 | I50: 6 | J50: 6 | K50: 1 | L50: 6 | M50: 2 | N50: =IF(OR(H50="",I50="",J50="",K50=""),"",(IF(H50>I50,1,0)+IF(J50>K50,1,0)+IF(AND(L50<>"",M50<>""),IF(L50>M50,1,0),0))) -> 2 | O50: =IF(N50="","",(IF(H50<I50,1,0)+IF(J50<K50,1,0)+IF(AND(L50<>"",M50<>""),IF(L50<M50,1,0),0))) -> 1 | P50: =IF(N50="","",IF(N50>O50,"A","B")) -> A | Q50: =IF(N50="","",H50+J50+IF(L50="",0,L50)) -> 16 | R50: =IF(N50="","",I50+K50+IF(M50="",0,M50)) -> 9 | S50: =IF(N50="","",Q50-R50) -> 7 | T50: =IF(OR(C50<>$X$2,P50=""),"",MIN(MAX(0,S50)*$X$5,$X$6)) -> 0.14 | U50: =IF(OR(C50<>$X$2,P50=""),"",MIN(MAX(0,-S50)*$X$5,$X$6)) -> 0 | V50: =IF($Z$2="","",OR($D50=$Z$2,$E50=$Z$2,$F50=$Z$2,$G50=$Z$2)) -> FALSE | AA50: =IF($B50="","",YEAR($B50)) -> 2025 | AB50: =IF($Z$5="Todas",TRUE,$AA50=$Z$5) -> TRUE
A51: 50 | B51: 45874 | C51: Liga | D51: Israel Suárez | E51: Javier suarez | F51: Wilfredo Santana | G51: Nacho Navidad | H51: 6 | I51: 4 | J51: 6 | K51: 0 | N51: =IF(OR(H51="",I51="",J51="",K51=""),"",(IF(H51>I51,1,0)+IF(J51>K51,1,0)+IF(AND(L51<>"",M51<>""),IF(L51>M51,1,0),0))) -> 2 | O51: =IF(N51="","",(IF(H51<I51,1,0)+IF(J51<K51,1,0)+IF(AND(L51<>"",M51<>""),IF(L51<M51,1,0),0))) -> 0 | P51: =IF(N51="","",IF(N51>O51,"A","B")) -> A | Q51: =IF(N51="","",H51+J51+IF(L51="",0,L51)) -> 12 | R51: =IF(N51="","",I51+K51+IF(M51="",0,M51)) -> 4 | S51: =IF(N51="","",Q51-R51) -> 8 | T51: =IF(OR(C51<>$X$2,P51=""),"",MIN(MAX(0,S51)*$X$5,$X$6)) -> 0.16 | U51: =IF(OR(C51<>$X$2,P51=""),"",MIN(MAX(0,-S51)*$X$5,$X$6)) -> 0 | V51: =IF($Z$2="","",OR($D51=$Z$2,$E51=$Z$2,$F51=$Z$2,$G51=$Z$2)) -> FALSE | AA51: =IF($B51="","",YEAR($B51)) -> 2025 | AB51: =IF($Z$5="Todas",TRUE,$AA51=$Z$5) -> TRUE
A52: 51 | B52: 45876 | C52: Liga | D52: Yeray Armas | E52: Eva Pulido | F52: Alberto Pulido | G52: Alberto Nunes | H52: 0 | I52: 6 | J52: 1 | K52: 6 | N52: =IF(OR(H52="",I52="",J52="",K52=""),"",(IF(H52>I52,1,0)+IF(J52>K52,1,0)+IF(AND(L52<>"",M52<>""),IF(L52>M52,1,0),0))) -> 0 | O52: =IF(N52="","",(IF(H52<I52,1,0)+IF(J52<K52,1,0)+IF(AND(L52<>"",M52<>""),IF(L52<M52,1,0),0))) -> 2 | P52: =IF(N52="","",IF(N52>O52,"A","B")) -> B | Q52: =IF(N52="","",H52+J52+IF(L52="",0,L52)) -> 1 | R52: =IF(N52="","",I52+K52+IF(M52="",0,M52)) -> 12 | S52: =IF(N52="","",Q52-R52) -> -11 | T52: =IF(OR(C52<>$X$2,P52=""),"",MIN(MAX(0,S52)*$X$5,$X$6)) -> 0 | U52: =IF(OR(C52<>$X$2,P52=""),"",MIN(MAX(0,-S52)*$X$5,$X$6)) -> 0.22 | V52: =IF($Z$2="","",OR($D52=$Z$2,$E52=$Z$2,$F52=$Z$2,$G52=$Z$2)) -> TRUE | AA52: =IF($B52="","",YEAR($B52)) -> 2025 | AB52: =IF($Z$5="Todas",TRUE,$AA52=$Z$5) -> TRUE
A53: 52 | B53: 45877 | C53: Liga | D53: Israel Suárez | E53: Yeray Armas | F53: Eva Pulido | G53: Alberto Pulido | H53: 3 | I53: 6 | J53: 6 | K53: 4 | L53: 6 | M53: 4 | N53: =IF(OR(H53="",I53="",J53="",K53=""),"",(IF(H53>I53,1,0)+IF(J53>K53,1,0)+IF(AND(L53<>"",M53<>""),IF(L53>M53,1,0),0))) -> 2 | O53: =IF(N53="","",(IF(H53<I53,1,0)+IF(J53<K53,1,0)+IF(AND(L53<>"",M53<>""),IF(L53<M53,1,0),0))) -> 1 | P53: =IF(N53="","",IF(N53>O53,"A","B")) -> A | Q53: =IF(N53="","",H53+J53+IF(L53="",0,L53)) -> 15 | R53: =IF(N53="","",I53+K53+IF(M53="",0,M53)) -> 14 | S53: =IF(N53="","",Q53-R53) -> 1 | T53: =IF(OR(C53<>$X$2,P53=""),"",MIN(MAX(0,S53)*$X$5,$X$6)) -> 0.02 | U53: =IF(OR(C53<>$X$2,P53=""),"",MIN(MAX(0,-S53)*$X$5,$X$6)) -> 0 | V53: =IF($Z$2="","",OR($D53=$Z$2,$E53=$Z$2,$F53=$Z$2,$G53=$Z$2)) -> TRUE | AA53: =IF($B53="","",YEAR($B53)) -> 2025 | AB53: =IF($Z$5="Todas",TRUE,$AA53=$Z$5) -> TRUE
A54: 53 | B54: 45880 | C54: Liga | D54: Yeray Armas | E54: Javier Bonilla | F54: Eva Pulido | G54: Javier suarez | H54: 0 | I54: 6 | J54: 6 | K54: 7 | N54: =IF(OR(H54="",I54="",J54="",K54=""),"",(IF(H54>I54,1,0)+IF(J54>K54,1,0)+IF(AND(L54<>"",M54<>""),IF(L54>M54,1,0),0))) -> 0 | O54: =IF(N54="","",(IF(H54<I54,1,0)+IF(J54<K54,1,0)+IF(AND(L54<>"",M54<>""),IF(L54<M54,1,0),0))) -> 2 | P54: =IF(N54="","",IF(N54>O54,"A","B")) -> B | Q54: =IF(N54="","",H54+J54+IF(L54="",0,L54)) -> 6 | R54: =IF(N54="","",I54+K54+IF(M54="",0,M54)) -> 13 | S54: =IF(N54="","",Q54-R54) -> -7 | T54: =IF(OR(C54<>$X$2,P54=""),"",MIN(MAX(0,S54)*$X$5,$X$6)) -> 0 | U54: =IF(OR(C54<>$X$2,P54=""),"",MIN(MAX(0,-S54)*$X$5,$X$6)) -> 0.14 | V54: =IF($Z$2="","",OR($D54=$Z$2,$E54=$Z$2,$F54=$Z$2,$G54=$Z$2)) -> TRUE | AA54: =IF($B54="","",YEAR($B54)) -> 2025 | AB54: =IF($Z$5="Todas",TRUE,$AA54=$Z$5) -> TRUE
A55: 54 | B55: 45883 | C55: Liga | D55: Yeray Armas | E55: Alberto Nunes | F55: Javier Bonilla | G55: Javier suarez | H55: 1 | I55: 6 | J55: 3 | K55: 6 | N55: =IF(OR(H55="",I55="",J55="",K55=""),"",(IF(H55>I55,1,0)+IF(J55>K55,1,0)+IF(AND(L55<>"",M55<>""),IF(L55>M55,1,0),0))) -> 0 | O55: =IF(N55="","",(IF(H55<I55,1,0)+IF(J55<K55,1,0)+IF(AND(L55<>"",M55<>""),IF(L55<M55,1,0),0))) -> 2 | P55: =IF(N55="","",IF(N55>O55,"A","B")) -> B | Q55: =IF(N55="","",H55+J55+IF(L55="",0,L55)) -> 4 | R55: =IF(N55="","",I55+K55+IF(M55="",0,M55)) -> 12 | S55: =IF(N55="","",Q55-R55) -> -8 | T55: =IF(OR(C55<>$X$2,P55=""),"",MIN(MAX(0,S55)*$X$5,$X$6)) -> 0 | U55: =IF(OR(C55<>$X$2,P55=""),"",MIN(MAX(0,-S55)*$X$5,$X$6)) -> 0.16 | V55: =IF($Z$2="","",OR($D55=$Z$2,$E55=$Z$2,$F55=$Z$2,$G55=$Z$2)) -> TRUE | AA55: =IF($B55="","",YEAR($B55)) -> 2025 | AB55: =IF($Z$5="Todas",TRUE,$AA55=$Z$5) -> TRUE
A56: 55 | B56: 45883 | C56: Liga | D56: Javier suarez | E56: Alberto Nunes | F56: Yeray Armas | G56: Javier Bonilla | H56: 6 | I56: 3 | J56: 6 | K56: 3 | N56: =IF(OR(H56="",I56="",J56="",K56=""),"",(IF(H56>I56,1,0)+IF(J56>K56,1,0)+IF(AND(L56<>"",M56<>""),IF(L56>M56,1,0),0))) -> 2 | O56: =IF(N56="","",(IF(H56<I56,1,0)+IF(J56<K56,1,0)+IF(AND(L56<>"",M56<>""),IF(L56<M56,1,0),0))) -> 0 | P56: =IF(N56="","",IF(N56>O56,"A","B")) -> A | Q56: =IF(N56="","",H56+J56+IF(L56="",0,L56)) -> 12 | R56: =IF(N56="","",I56+K56+IF(M56="",0,M56)) -> 6 | S56: =IF(N56="","",Q56-R56) -> 6 | T56: =IF(OR(C56<>$X$2,P56=""),"",MIN(MAX(0,S56)*$X$5,$X$6)) -> 0.12 | U56: =IF(OR(C56<>$X$2,P56=""),"",MIN(MAX(0,-S56)*$X$5,$X$6)) -> 0 | V56: =IF($Z$2="","",OR($D56=$Z$2,$E56=$Z$2,$F56=$Z$2,$G56=$Z$2)) -> TRUE | AA56: =IF($B56="","",YEAR($B56)) -> 2025 | AB56: =IF($Z$5="Todas",TRUE,$AA56=$Z$5) -> TRUE
A57: 56 | B57: 45924 | C57: Liga | D57: Israel Suárez | E57: Guillermo Medina | F57: Carmelo Rosario | G57: Nacho Navidad | H57: 7 | I57: 6 | J57: 6 | K57: 4 | N57: =IF(OR(H57="",I57="",J57="",K57=""),"",(IF(H57>I57,1,0)+IF(J57>K57,1,0)+IF(AND(L57<>"",M57<>""),IF(L57>M57,1,0),0))) -> 2 | O57: =IF(N57="","",(IF(H57<I57,1,0)+IF(J57<K57,1,0)+IF(AND(L57<>"",M57<>""),IF(L57<M57,1,0),0))) -> 0 | P57: =IF(N57="","",IF(N57>O57,"A","B")) -> A | Q57: =IF(N57="","",H57+J57+IF(L57="",0,L57)) -> 13 | R57: =IF(N57="","",I57+K57+IF(M57="",0,M57)) -> 10 | S57: =IF(N57="","",Q57-R57) -> 3 | T57: =IF(OR(C57<>$X$2,P57=""),"",MIN(MAX(0,S57)*$X$5,$X$6)) -> 0.06 | U57: =IF(OR(C57<>$X$2,P57=""),"",MIN(MAX(0,-S57)*$X$5,$X$6)) -> 0 | V57: =IF($Z$2="","",OR($D57=$Z$2,$E57=$Z$2,$F57=$Z$2,$G57=$Z$2)) -> FALSE | AA57: =IF($B57="","",YEAR($B57)) -> 2025 | AB57: =IF($Z$5="Todas",TRUE,$AA57=$Z$5) -> TRUE
A58: 57 | B58: 45926 | C58: Liga | D58: Yeray Armas | E58: Carmelo Rosario | F58: Israel Suárez | G58: Nacho Navidad | H58: 4 | I58: 6 | J58: 6 | K58: 2 | L58: 4 | M58: 6 | N58: =IF(OR(H58="",I58="",J58="",K58=""),"",(IF(H58>I58,1,0)+IF(J58>K58,1,0)+IF(AND(L58<>"",M58<>""),IF(L58>M58,1,0),0))) -> 1 | O58: =IF(N58="","",(IF(H58<I58,1,0)+IF(J58<K58,1,0)+IF(AND(L58<>"",M58<>""),IF(L58<M58,1,0),0))) -> 2 | P58: =IF(N58="","",IF(N58>O58,"A","B")) -> B | Q58: =IF(N58="","",H58+J58+IF(L58="",0,L58)) -> 14 | R58: =IF(N58="","",I58+K58+IF(M58="",0,M58)) -> 14 | S58: =IF(N58="","",Q58-R58) -> 0 | T58: =IF(OR(C58<>$X$2,P58=""),"",MIN(MAX(0,S58)*$X$5,$X$6)) -> 0 | U58: =IF(OR(C58<>$X$2,P58=""),"",MIN(MAX(0,-S58)*$X$5,$X$6)) -> 0 | V58: =IF($Z$2="","",OR($D58=$Z$2,$E58=$Z$2,$F58=$Z$2,$G58=$Z$2)) -> TRUE | AA58: =IF($B58="","",YEAR($B58)) -> 2025 | AB58: =IF($Z$5="Todas",TRUE,$AA58=$Z$5) -> TRUE
A59: 58 | B59: 45930 | C59: Liga | D59: Guillermo Medina | E59: Carmelo Rosario | F59: Alberto Pulido | G59: Nacho Navidad | H59: 6 | I59: 4 | J59: 6 | K59: 1 | N59: =IF(OR(H59="",I59="",J59="",K59=""),"",(IF(H59>I59,1,0)+IF(J59>K59,1,0)+IF(AND(L59<>"",M59<>""),IF(L59>M59,1,0),0))) -> 2 | O59: =IF(N59="","",(IF(H59<I59,1,0)+IF(J59<K59,1,0)+IF(AND(L59<>"",M59<>""),IF(L59<M59,1,0),0))) -> 0 | P59: =IF(N59="","",IF(N59>O59,"A","B")) -> A | Q59: =IF(N59="","",H59+J59+IF(L59="",0,L59)) -> 12 | R59: =IF(N59="","",I59+K59+IF(M59="",0,M59)) -> 5 | S59: =IF(N59="","",Q59-R59) -> 7 | T59: =IF(OR(C59<>$X$2,P59=""),"",MIN(MAX(0,S59)*$X$5,$X$6)) -> 0.14 | U59: =IF(OR(C59<>$X$2,P59=""),"",MIN(MAX(0,-S59)*$X$5,$X$6)) -> 0 | V59: =IF($Z$2="","",OR($D59=$Z$2,$E59=$Z$2,$F59=$Z$2,$G59=$Z$2)) -> FALSE | AA59: =IF($B59="","",YEAR($B59)) -> 2025 | AB59: =IF($Z$5="Todas",TRUE,$AA59=$Z$5) -> TRUE
A60: 59 | B60: 45930 | C60: Liga | D60: Guillermo Medina | E60: Nacho Navidad | F60: Carmelo Rosario | G60: Alberto Pulido | H60: 2 | I60: 6 | J60: 3 | K60: 6 | N60: =IF(OR(H60="",I60="",J60="",K60=""),"",(IF(H60>I60,1,0)+IF(J60>K60,1,0)+IF(AND(L60<>"",M60<>""),IF(L60>M60,1,0),0))) -> 0 | O60: =IF(N60="","",(IF(H60<I60,1,0)+IF(J60<K60,1,0)+IF(AND(L60<>"",M60<>""),IF(L60<M60,1,0),0))) -> 2 | P60: =IF(N60="","",IF(N60>O60,"A","B")) -> B | Q60: =IF(N60="","",H60+J60+IF(L60="",0,L60)) -> 5 | R60: =IF(N60="","",I60+K60+IF(M60="",0,M60)) -> 12 | S60: =IF(N60="","",Q60-R60) -> -7 | T60: =IF(OR(C60<>$X$2,P60=""),"",MIN(MAX(0,S60)*$X$5,$X$6)) -> 0 | U60: =IF(OR(C60<>$X$2,P60=""),"",MIN(MAX(0,-S60)*$X$5,$X$6)) -> 0.14 | V60: =IF($Z$2="","",OR($D60=$Z$2,$E60=$Z$2,$F60=$Z$2,$G60=$Z$2)) -> FALSE | AA60: =IF($B60="","",YEAR($B60)) -> 2025 | AB60: =IF($Z$5="Todas",TRUE,$AA60=$Z$5) -> TRUE
A61: 60 | B61: 45939 | C61: Liga | D61: Yeray Armas | E61: Imobach González | F61: Javier suarez | G61: Alberto Pulido | H61: 3 | I61: 6 | J61: 0 | K61: 6 | N61: =IF(OR(H61="",I61="",J61="",K61=""),"",(IF(H61>I61,1,0)+IF(J61>K61,1,0)+IF(AND(L61<>"",M61<>""),IF(L61>M61,1,0),0))) -> 0 | O61: =IF(N61="","",(IF(H61<I61,1,0)+IF(J61<K61,1,0)+IF(AND(L61<>"",M61<>""),IF(L61<M61,1,0),0))) -> 2 | P61: =IF(N61="","",IF(N61>O61,"A","B")) -> B | Q61: =IF(N61="","",H61+J61+IF(L61="",0,L61)) -> 3 | R61: =IF(N61="","",I61+K61+IF(M61="",0,M61)) -> 12 | S61: =IF(N61="","",Q61-R61) -> -9 | T61: =IF(OR(C61<>$X$2,P61=""),"",MIN(MAX(0,S61)*$X$5,$X$6)) -> 0 | U61: =IF(OR(C61<>$X$2,P61=""),"",MIN(MAX(0,-S61)*$X$5,$X$6)) -> 0.18 | V61: =IF($Z$2="","",OR($D61=$Z$2,$E61=$Z$2,$F61=$Z$2,$G61=$Z$2)) -> TRUE | AA61: =IF($B61="","",YEAR($B61)) -> 2025 | AB61: =IF($Z$5="Todas",TRUE,$AA61=$Z$5) -> TRUE
A62: 61 | B62: 45947 | C62: Liga | D62: Imobach González | E62: Israel Suárez | F62: Javier Bonilla | G62: Javier suarez | H62: 6 | I62: 7 | J62: 3 | K62: 6 | N62: =IF(OR(H62="",I62="",J62="",K62=""),"",(IF(H62>I62,1,0)+IF(J62>K62,1,0)+IF(AND(L62<>"",M62<>""),IF(L62>M62,1,0),0))) -> 0 | O62: =IF(N62="","",(IF(H62<I62,1,0)+IF(J62<K62,1,0)+IF(AND(L62<>"",M62<>""),IF(L62<M62,1,0),0))) -> 2 | P62: =IF(N62="","",IF(N62>O62,"A","B")) -> B | Q62: =IF(N62="","",H62+J62+IF(L62="",0,L62)) -> 9 | R62: =IF(N62="","",I62+K62+IF(M62="",0,M62)) -> 13 | S62: =IF(N62="","",Q62-R62) -> -4 | T62: =IF(OR(C62<>$X$2,P62=""),"",MIN(MAX(0,S62)*$X$5,$X$6)) -> 0 | U62: =IF(OR(C62<>$X$2,P62=""),"",MIN(MAX(0,-S62)*$X$5,$X$6)) -> 0.08 | V62: =IF($Z$2="","",OR($D62=$Z$2,$E62=$Z$2,$F62=$Z$2,$G62=$Z$2)) -> FALSE | AA62: =IF($B62="","",YEAR($B62)) -> 2025 | AB62: =IF($Z$5="Todas",TRUE,$AA62=$Z$5) -> TRUE
A63: 62 | B63: 45953 | C63: Liga | D63: Imobach González | E63: Alberto Pulido | F63: Guillermo Medina | G63: Javier suarez | H63: 6 | I63: 7 | J63: 1 | K63: 6 | N63: =IF(OR(H63="",I63="",J63="",K63=""),"",(IF(H63>I63,1,0)+IF(J63>K63,1,0)+IF(AND(L63<>"",M63<>""),IF(L63>M63,1,0),0))) -> 0 | O63: =IF(N63="","",(IF(H63<I63,1,0)+IF(J63<K63,1,0)+IF(AND(L63<>"",M63<>""),IF(L63<M63,1,0),0))) -> 2 | P63: =IF(N63="","",IF(N63>O63,"A","B")) -> B | Q63: =IF(N63="","",H63+J63+IF(L63="",0,L63)) -> 7 | R63: =IF(N63="","",I63+K63+IF(M63="",0,M63)) -> 13 | S63: =IF(N63="","",Q63-R63) -> -6 | T63: =IF(OR(C63<>$X$2,P63=""),"",MIN(MAX(0,S63)*$X$5,$X$6)) -> 0 | U63: =IF(OR(C63<>$X$2,P63=""),"",MIN(MAX(0,-S63)*$X$5,$X$6)) -> 0.12 | V63: =IF($Z$2="","",OR($D63=$Z$2,$E63=$Z$2,$F63=$Z$2,$G63=$Z$2)) -> FALSE | AA63: =IF($B63="","",YEAR($B63)) -> 2025 | AB63: =IF($Z$5="Todas",TRUE,$AA63=$Z$5) -> TRUE
A64: 63 | B64: 45958 | C64: Liga | D64: Javier suarez | E64: Eva Pulido | F64: Alberto Pulido | G64: Guillermo Medina | H64: 4 | I64: 6 | J64: 6 | K64: 2 | L64: 4 | M64: 1 | N64: =IF(OR(H64="",I64="",J64="",K64=""),"",(IF(H64>I64,1,0)+IF(J64>K64,1,0)+IF(AND(L64<>"",M64<>""),IF(L64>M64,1,0),0))) -> 2 | O64: =IF(N64="","",(IF(H64<I64,1,0)+IF(J64<K64,1,0)+IF(AND(L64<>"",M64<>""),IF(L64<M64,1,0),0))) -> 1 | P64: =IF(N64="","",IF(N64>O64,"A","B")) -> A | Q64: =IF(N64="","",H64+J64+IF(L64="",0,L64)) -> 14 | R64: =IF(N64="","",I64+K64+IF(M64="",0,M64)) -> 9 | S64: =IF(N64="","",Q64-R64) -> 5 | T64: =IF(OR(C64<>$X$2,P64=""),"",MIN(MAX(0,S64)*$X$5,$X$6)) -> 0.1 | U64: =IF(OR(C64<>$X$2,P64=""),"",MIN(MAX(0,-S64)*$X$5,$X$6)) -> 0 | V64: =IF($Z$2="","",OR($D64=$Z$2,$E64=$Z$2,$F64=$Z$2,$G64=$Z$2)) -> FALSE | AA64: =IF($B64="","",YEAR($B64)) -> 2025 | AB64: =IF($Z$5="Todas",TRUE,$AA64=$Z$5) -> TRUE
A65: 64 | B65: 45960 | C65: Liga | D65: Javier suarez | E65: Eva Pulido | F65: Alberto Pulido | G65: Carmelo Rosario | H65: 1 | I65: 6 | J65: 2 | K65: 6 | L65: 6 | M65: 2 | N65: =IF(OR(H65="",I65="",J65="",K65=""),"",(IF(H65>I65,1,0)+IF(J65>K65,1,0)+IF(AND(L65<>"",M65<>""),IF(L65>M65,1,0),0))) -> 1 | O65: =IF(N65="","",(IF(H65<I65,1,0)+IF(J65<K65,1,0)+IF(AND(L65<>"",M65<>""),IF(L65<M65,1,0),0))) -> 2 | P65: =IF(N65="","",IF(N65>O65,"A","B")) -> B | Q65: =IF(N65="","",H65+J65+IF(L65="",0,L65)) -> 9 | R65: =IF(N65="","",I65+K65+IF(M65="",0,M65)) -> 14 | S65: =IF(N65="","",Q65-R65) -> -5 | T65: =IF(OR(C65<>$X$2,P65=""),"",MIN(MAX(0,S65)*$X$5,$X$6)) -> 0 | U65: =IF(OR(C65<>$X$2,P65=""),"",MIN(MAX(0,-S65)*$X$5,$X$6)) -> 0.1 | V65: =IF($Z$2="","",OR($D65=$Z$2,$E65=$Z$2,$F65=$Z$2,$G65=$Z$2)) -> FALSE | AA65: =IF($B65="","",YEAR($B65)) -> 2025 | AB65: =IF($Z$5="Todas",TRUE,$AA65=$Z$5) -> TRUE
A66: 65 | B66: 45964 | C66: Liga | D66: Yeray Armas | E66: Javier suarez | F66: Alberto Pulido | G66: Guillermo Medina | H66: 4 | I66: 6 | J66: 6 | K66: 2 | L66: 3 | M66: 6 | N66: =IF(OR(H66="",I66="",J66="",K66=""),"",(IF(H66>I66,1,0)+IF(J66>K66,1,0)+IF(AND(L66<>"",M66<>""),IF(L66>M66,1,0),0))) -> 1 | O66: =IF(N66="","",(IF(H66<I66,1,0)+IF(J66<K66,1,0)+IF(AND(L66<>"",M66<>""),IF(L66<M66,1,0),0))) -> 2 | P66: =IF(N66="","",IF(N66>O66,"A","B")) -> B | Q66: =IF(N66="","",H66+J66+IF(L66="",0,L66)) -> 13 | R66: =IF(N66="","",I66+K66+IF(M66="",0,M66)) -> 14 | S66: =IF(N66="","",Q66-R66) -> -1 | T66: =IF(OR(C66<>$X$2,P66=""),"",MIN(MAX(0,S66)*$X$5,$X$6)) -> 0 | U66: =IF(OR(C66<>$X$2,P66=""),"",MIN(MAX(0,-S66)*$X$5,$X$6)) -> 0.02 | V66: =IF($Z$2="","",OR($D66=$Z$2,$E66=$Z$2,$F66=$Z$2,$G66=$Z$2)) -> TRUE | AA66: =IF($B66="","",YEAR($B66)) -> 2025 | AB66: =IF($Z$5="Todas",TRUE,$AA66=$Z$5) -> TRUE
A67: 66 | B67: 45967 | C67: Liga | D67: Yeray Armas | E67: Israel Suárez | F67: Javier Bonilla | G67: Eva Pulido | H67: 2 | I67: 6 | J67: 6 | K67: 2 | L67: 6 | M67: 4 | N67: =IF(OR(H67="",I67="",J67="",K67=""),"",(IF(H67>I67,1,0)+IF(J67>K67,1,0)+IF(AND(L67<>"",M67<>""),IF(L67>M67,1,0),0))) -> 2 | O67: =IF(N67="","",(IF(H67<I67,1,0)+IF(J67<K67,1,0)+IF(AND(L67<>"",M67<>""),IF(L67<M67,1,0),0))) -> 1 | P67: =IF(N67="","",IF(N67>O67,"A","B")) -> A | Q67: =IF(N67="","",H67+J67+IF(L67="",0,L67)) -> 14 | R67: =IF(N67="","",I67+K67+IF(M67="",0,M67)) -> 12 | S67: =IF(N67="","",Q67-R67) -> 2 | T67: =IF(OR(C67<>$X$2,P67=""),"",MIN(MAX(0,S67)*$X$5,$X$6)) -> 0.04 | U67: =IF(OR(C67<>$X$2,P67=""),"",MIN(MAX(0,-S67)*$X$5,$X$6)) -> 0 | V67: =IF($Z$2="","",OR($D67=$Z$2,$E67=$Z$2,$F67=$Z$2,$G67=$Z$2)) -> TRUE | AA67: =IF($B67="","",YEAR($B67)) -> 2025 | AB67: =IF($Z$5="Todas",TRUE,$AA67=$Z$5) -> TRUE
A68: 67 | B68: 45968 | C68: Liga | D68: Yeray Armas | E68: Carmelo Rosario | F68: Javier suarez | G68: Eva Pulido | H68: 4 | I68: 6 | J68: 7 | K68: 6 | L68: 7 | M68: 6 | N68: =IF(OR(H68="",I68="",J68="",K68=""),"",(IF(H68>I68,1,0)+IF(J68>K68,1,0)+IF(AND(L68<>"",M68<>""),IF(L68>M68,1,0),0))) -> 2 | O68: =IF(N68="","",(IF(H68<I68,1,0)+IF(J68<K68,1,0)+IF(AND(L68<>"",M68<>""),IF(L68<M68,1,0),0))) -> 1 | P68: =IF(N68="","",IF(N68>O68,"A","B")) -> A | Q68: =IF(N68="","",H68+J68+IF(L68="",0,L68)) -> 18 | R68: =IF(N68="","",I68+K68+IF(M68="",0,M68)) -> 18 | S68: =IF(N68="","",Q68-R68) -> 0 | T68: =IF(OR(C68<>$X$2,P68=""),"",MIN(MAX(0,S68)*$X$5,$X$6)) -> 0 | U68: =IF(OR(C68<>$X$2,P68=""),"",MIN(MAX(0,-S68)*$X$5,$X$6)) -> 0 | V68: =IF($Z$2="","",OR($D68=$Z$2,$E68=$Z$2,$F68=$Z$2,$G68=$Z$2)) -> TRUE | AA68: =IF($B68="","",YEAR($B68)) -> 2025 | AB68: =IF($Z$5="Todas",TRUE,$AA68=$Z$5) -> TRUE
A69: 68 | B69: 45972 | C69: Liga | D69: Yeray Armas | E69: Javier suarez | F69: Javier Bonilla | G69: Alberto Pulido | H69: 6 | I69: 7 | J69: 6 | K69: 4 | L69: 3 | M69: 5 | N69: =IF(OR(H69="",I69="",J69="",K69=""),"",(IF(H69>I69,1,0)+IF(J69>K69,1,0)+IF(AND(L69<>"",M69<>""),IF(L69>M69,1,0),0))) -> 1 | O69: =IF(N69="","",(IF(H69<I69,1,0)+IF(J69<K69,1,0)+IF(AND(L69<>"",M69<>""),IF(L69<M69,1,0),0))) -> 2 | P69: =IF(N69="","",IF(N69>O69,"A","B")) -> B | Q69: =IF(N69="","",H69+J69+IF(L69="",0,L69)) -> 15 | R69: =IF(N69="","",I69+K69+IF(M69="",0,M69)) -> 16 | S69: =IF(N69="","",Q69-R69) -> -1 | T69: =IF(OR(C69<>$X$2,P69=""),"",MIN(MAX(0,S69)*$X$5,$X$6)) -> 0 | U69: =IF(OR(C69<>$X$2,P69=""),"",MIN(MAX(0,-S69)*$X$5,$X$6)) -> 0.02 | V69: =IF($Z$2="","",OR($D69=$Z$2,$E69=$Z$2,$F69=$Z$2,$G69=$Z$2)) -> TRUE | AA69: =IF($B69="","",YEAR($B69)) -> 2025 | AB69: =IF($Z$5="Todas",TRUE,$AA69=$Z$5) -> TRUE
A70: 69 | B70: 45980 | C70: Liga | D70: Yeray Armas | E70: Imobach González | F70: Javier Bonilla | G70: Israel Suárez | H70: 5 | I70: 7 | J70: 6 | K70: 0 | L70: 4 | M70: 6 | N70: =IF(OR(H70="",I70="",J70="",K70=""),"",(IF(H70>I70,1,0)+IF(J70>K70,1,0)+IF(AND(L70<>"",M70<>""),IF(L70>M70,1,0),0))) -> 1 | O70: =IF(N70="","",(IF(H70<I70,1,0)+IF(J70<K70,1,0)+IF(AND(L70<>"",M70<>""),IF(L70<M70,1,0),0))) -> 2 | P70: =IF(N70="","",IF(N70>O70,"A","B")) -> B | Q70: =IF(N70="","",H70+J70+IF(L70="",0,L70)) -> 15 | R70: =IF(N70="","",I70+K70+IF(M70="",0,M70)) -> 13 | S70: =IF(N70="","",Q70-R70) -> 2 | T70: =IF(OR(C70<>$X$2,P70=""),"",MIN(MAX(0,S70)*$X$5,$X$6)) -> 0.04 | U70: =IF(OR(C70<>$X$2,P70=""),"",MIN(MAX(0,-S70)*$X$5,$X$6)) -> 0 | V70: =IF($Z$2="","",OR($D70=$Z$2,$E70=$Z$2,$F70=$Z$2,$G70=$Z$2)) -> TRUE | AA70: =IF($B70="","",YEAR($B70)) -> 2025 | AB70: =IF($Z$5="Todas",TRUE,$AA70=$Z$5) -> TRUE
A71: 70 | B71: 45982 | C71: Liga | D71: Yeray Armas | E71: Alberto Pulido | F71: Carmelo Rosario | G71: Javier Bonilla | H71: 3 | I71: 6 | J71: 2 | K71: 6 | N71: =IF(OR(H71="",I71="",J71="",K71=""),"",(IF(H71>I71,1,0)+IF(J71>K71,1,0)+IF(AND(L71<>"",M71<>""),IF(L71>M71,1,0),0))) -> 0 | O71: =IF(N71="","",(IF(H71<I71,1,0)+IF(J71<K71,1,0)+IF(AND(L71<>"",M71<>""),IF(L71<M71,1,0),0))) -> 2 | P71: =IF(N71="","",IF(N71>O71,"A","B")) -> B | Q71: =IF(N71="","",H71+J71+IF(L71="",0,L71)) -> 5 | R71: =IF(N71="","",I71+K71+IF(M71="",0,M71)) -> 12 | S71: =IF(N71="","",Q71-R71) -> -7 | T71: =IF(OR(C71<>$X$2,P71=""),"",MIN(MAX(0,S71)*$X$5,$X$6)) -> 0 | U71: =IF(OR(C71<>$X$2,P71=""),"",MIN(MAX(0,-S71)*$X$5,$X$6)) -> 0.14 | V71: =IF($Z$2="","",OR($D71=$Z$2,$E71=$Z$2,$F71=$Z$2,$G71=$Z$2)) -> TRUE | AA71: =IF($B71="","",YEAR($B71)) -> 2025 | AB71: =IF($Z$5="Todas",TRUE,$AA71=$Z$5) -> TRUE
A72: 71 | B72: 45989 | C72: Liga | D72: Carmelo Rosario | E72: Guillermo Medina | F72: Imobach González | G72: Israel Suárez | H72: 4 | I72: 6 | J72: 2 | K72: 6 | N72: =IF(OR(H72="",I72="",J72="",K72=""),"",(IF(H72>I72,1,0)+IF(J72>K72,1,0)+IF(AND(L72<>"",M72<>""),IF(L72>M72,1,0),0))) -> 0 | O72: =IF(N72="","",(IF(H72<I72,1,0)+IF(J72<K72,1,0)+IF(AND(L72<>"",M72<>""),IF(L72<M72,1,0),0))) -> 2 | P72: =IF(N72="","",IF(N72>O72,"A","B")) -> B | Q72: =IF(N72="","",H72+J72+IF(L72="",0,L72)) -> 6 | R72: =IF(N72="","",I72+K72+IF(M72="",0,M72)) -> 12 | S72: =IF(N72="","",Q72-R72) -> -6 | T72: =IF(OR(C72<>$X$2,P72=""),"",MIN(MAX(0,S72)*$X$5,$X$6)) -> 0 | U72: =IF(OR(C72<>$X$2,P72=""),"",MIN(MAX(0,-S72)*$X$5,$X$6)) -> 0.12 | V72: =IF($Z$2="","",OR($D72=$Z$2,$E72=$Z$2,$F72=$Z$2,$G72=$Z$2)) -> FALSE | AA72: =IF($B72="","",YEAR($B72)) -> 2025 | AB72: =IF($Z$5="Todas",TRUE,$AA72=$Z$5) -> TRUE
A73: 72 | B73: 45989 | C73: Liga | D73: Javier suarez | E73: Javier Bonilla | F73: Carmelo Rosario | G73: Israel Suárez | H73: 6 | I73: 2 | J73: 7 | K73: 5 | N73: =IF(OR(H73="",I73="",J73="",K73=""),"",(IF(H73>I73,1,0)+IF(J73>K73,1,0)+IF(AND(L73<>"",M73<>""),IF(L73>M73,1,0),0))) -> 2 | O73: =IF(N73="","",(IF(H73<I73,1,0)+IF(J73<K73,1,0)+IF(AND(L73<>"",M73<>""),IF(L73<M73,1,0),0))) -> 0 | P73: =IF(N73="","",IF(N73>O73,"A","B")) -> A | Q73: =IF(N73="","",H73+J73+IF(L73="",0,L73)) -> 13 | R73: =IF(N73="","",I73+K73+IF(M73="",0,M73)) -> 7 | S73: =IF(N73="","",Q73-R73) -> 6 | T73: =IF(OR(C73<>$X$2,P73=""),"",MIN(MAX(0,S73)*$X$5,$X$6)) -> 0.12 | U73: =IF(OR(C73<>$X$2,P73=""),"",MIN(MAX(0,-S73)*$X$5,$X$6)) -> 0 | V73: =IF($Z$2="","",OR($D73=$Z$2,$E73=$Z$2,$F73=$Z$2,$G73=$Z$2)) -> FALSE | AA73: =IF($B73="","",YEAR($B73)) -> 2025 | AB73: =IF($Z$5="Todas",TRUE,$AA73=$Z$5) -> TRUE
A74: 73 | B74: 45993 | C74: Liga | D74: Javier suarez | E74: Javier Bonilla | F74: Alberto Pulido | G74: Alberto Nunes | H74: 6 | I74: 4 | J74: 6 | K74: 3 | L74: 7 | M74: 6 | N74: =IF(OR(H74="",I74="",J74="",K74=""),"",(IF(H74>I74,1,0)+IF(J74>K74,1,0)+IF(AND(L74<>"",M74<>""),IF(L74>M74,1,0),0))) -> 3 | O74: =IF(N74="","",(IF(H74<I74,1,0)+IF(J74<K74,1,0)+IF(AND(L74<>"",M74<>""),IF(L74<M74,1,0),0))) -> 0 | P74: =IF(N74="","",IF(N74>O74,"A","B")) -> A | Q74: =IF(N74="","",H74+J74+IF(L74="",0,L74)) -> 19 | R74: =IF(N74="","",I74+K74+IF(M74="",0,M74)) -> 13 | S74: =IF(N74="","",Q74-R74) -> 6 | T74: =IF(OR(C74<>$X$2,P74=""),"",MIN(MAX(0,S74)*$X$5,$X$6)) -> 0.12 | U74: =IF(OR(C74<>$X$2,P74=""),"",MIN(MAX(0,-S74)*$X$5,$X$6)) -> 0 | V74: =IF($Z$2="","",OR($D74=$Z$2,$E74=$Z$2,$F74=$Z$2,$G74=$Z$2)) -> FALSE | AA74: =IF($B74="","",YEAR($B74)) -> 2025 | AB74: =IF($Z$5="Todas",TRUE,$AA74=$Z$5) -> TRUE
A75: 74 | C75: Liga | N75: =IF(OR(H75="",I75="",J75="",K75=""),"",(IF(H75>I75,1,0)+IF(J75>K75,1,0)+IF(AND(L75<>"",M75<>""),IF(L75>M75,1,0),0))) | O75: =IF(N75="","",(IF(H75<I75,1,0)+IF(J75<K75,1,0)+IF(AND(L75<>"",M75<>""),IF(L75<M75,1,0),0))) | P75: =IF(N75="","",IF(N75>O75,"A","B")) | Q75: =IF(N75="","",H75+J75+IF(L75="",0,L75)) | R75: =IF(N75="","",I75+K75+IF(M75="",0,M75)) | S75: =IF(N75="","",Q75-R75) | T75: =IF(OR(C75<>$X$2,P75=""),"",MIN(MAX(0,S75)*$X$5,$X$6)) | U75: =IF(OR(C75<>$X$2,P75=""),"",MIN(MAX(0,-S75)*$X$5,$X$6)) | V75: =IF($Z$2="","",OR($D75=$Z$2,$E75=$Z$2,$F75=$Z$2,$G75=$Z$2)) -> FALSE | AA75: =IF($B75="","",YEAR($B75)) | AB75: =IF($Z$5="Todas",TRUE,$AA75=$Z$5) -> FALSE
A76: 75 | C76: Liga | N76: =IF(OR(H76="",I76="",J76="",K76=""),"",(IF(H76>I76,1,0)+IF(J76>K76,1,0)+IF(AND(L76<>"",M76<>""),IF(L76>M76,1,0),0))) | O76: =IF(N76="","",(IF(H76<I76,1,0)+IF(J76<K76,1,0)+IF(AND(L76<>"",M76<>""),IF(L76<M76,1,0),0))) | P76: =IF(N76="","",IF(N76>O76,"A","B")) | Q76: =IF(N76="","",H76+J76+IF(L76="",0,L76)) | R76: =IF(N76="","",I76+K76+IF(M76="",0,M76)) | S76: =IF(N76="","",Q76-R76) | T76: =IF(OR(C76<>$X$2,P76=""),"",MIN(MAX(0,S76)*$X$5,$X$6)) | U76: =IF(OR(C76<>$X$2,P76=""),"",MIN(MAX(0,-S76)*$X$5,$X$6)) | V76: =IF($Z$2="","",OR($D76=$Z$2,$E76=$Z$2,$F76=$Z$2,$G76=$Z$2)) -> FALSE | AA76: =IF($B76="","",YEAR($B76)) | AB76: =IF($Z$5="Todas",TRUE,$AA76=$Z$5) -> FALSE
A77: 76 | C77: Liga | N77: =IF(OR(H77="",I77="",J77="",K77=""),"",(IF(H77>I77,1,0)+IF(J77>K77,1,0)+IF(AND(L77<>"",M77<>""),IF(L77>M77,1,0),0))) | O77: =IF(N77="","",(IF(H77<I77,1,0)+IF(J77<K77,1,0)+IF(AND(L77<>"",M77<>""),IF(L77<M77,1,0),0))) | P77: =IF(N77="","",IF(N77>O77,"A","B")) | Q77: =IF(N77="","",H77+J77+IF(L77="",0,L77)) | R77: =IF(N77="","",I77+K77+IF(M77="",0,M77)) | S77: =IF(N77="","",Q77-R77) | T77: =IF(OR(C77<>$X$2,P77=""),"",MIN(MAX(0,S77)*$X$5,$X$6)) | U77: =IF(OR(C77<>$X$2,P77=""),"",MIN(MAX(0,-S77)*$X$5,$X$6)) | V77: =IF($Z$2="","",OR($D77=$Z$2,$E77=$Z$2,$F77=$Z$2,$G77=$Z$2)) -> FALSE | AA77: =IF($B77="","",YEAR($B77)) | AB77: =IF($Z$5="Todas",TRUE,$AA77=$Z$5) -> FALSE
A78: 77 | C78: Liga | N78: =IF(OR(H78="",I78="",J78="",K78=""),"",(IF(H78>I78,1,0)+IF(J78>K78,1,0)+IF(AND(L78<>"",M78<>""),IF(L78>M78,1,0),0))) | O78: =IF(N78="","",(IF(H78<I78,1,0)+IF(J78<K78,1,0)+IF(AND(L78<>"",M78<>""),IF(L78<M78,1,0),0))) | P78: =IF(N78="","",IF(N78>O78,"A","B")) | Q78: =IF(N78="","",H78+J78+IF(L78="",0,L78)) | R78: =IF(N78="","",I78+K78+IF(M78="",0,M78)) | S78: =IF(N78="","",Q78-R78) | T78: =IF(OR(C78<>$X$2,P78=""),"",MIN(MAX(0,S78)*$X$5,$X$6)) | U78: =IF(OR(C78<>$X$2,P78=""),"",MIN(MAX(0,-S78)*$X$5,$X$6)) | V78: =IF($Z$2="","",OR($D78=$Z$2,$E78=$Z$2,$F78=$Z$2,$G78=$Z$2)) -> FALSE | AA78: =IF($B78="","",YEAR($B78)) | AB78: =IF($Z$5="Todas",TRUE,$AA78=$Z$5) -> FALSE
A79: 78 | C79: Liga | N79: =IF(OR(H79="",I79="",J79="",K79=""),"",(IF(H79>I79,1,0)+IF(J79>K79,1,0)+IF(AND(L79<>"",M79<>""),IF(L79>M79,1,0),0))) | O79: =IF(N79="","",(IF(H79<I79,1,0)+IF(J79<K79,1,0)+IF(AND(L79<>"",M79<>""),IF(L79<M79,1,0),0))) | P79: =IF(N79="","",IF(N79>O79,"A","B")) | Q79: =IF(N79="","",H79+J79+IF(L79="",0,L79)) | R79: =IF(N79="","",I79+K79+IF(M79="",0,M79)) | S79: =IF(N79="","",Q79-R79) | T79: =IF(OR(C79<>$X$2,P79=""),"",MIN(MAX(0,S79)*$X$5,$X$6)) | U79: =IF(OR(C79<>$X$2,P79=""),"",MIN(MAX(0,-S79)*$X$5,$X$6)) | V79: =IF($Z$2="","",OR($D79=$Z$2,$E79=$Z$2,$F79=$Z$2,$G79=$Z$2)) -> FALSE | AA79: =IF($B79="","",YEAR($B79)) | AB79: =IF($Z$5="Todas",TRUE,$AA79=$Z$5) -> FALSE
A80: 79 | C80: Liga | N80: =IF(OR(H80="",I80="",J80="",K80=""),"",(IF(H80>I80,1,0)+IF(J80>K80,1,0)+IF(AND(L80<>"",M80<>""),IF(L80>M80,1,0),0))) | O80: =IF(N80="","",(IF(H80<I80,1,0)+IF(J80<K80,1,0)+IF(AND(L80<>"",M80<>""),IF(L80<M80,1,0),0))) | P80: =IF(N80="","",IF(N80>O80,"A","B")) | Q80: =IF(N80="","",H80+J80+IF(L80="",0,L80)) | R80: =IF(N80="","",I80+K80+IF(M80="",0,M80)) | S80: =IF(N80="","",Q80-R80) | T80: =IF(OR(C80<>$X$2,P80=""),"",MIN(MAX(0,S80)*$X$5,$X$6)) | U80: =IF(OR(C80<>$X$2,P80=""),"",MIN(MAX(0,-S80)*$X$5,$X$6)) | V80: =IF($Z$2="","",OR($D80=$Z$2,$E80=$Z$2,$F80=$Z$2,$G80=$Z$2)) -> FALSE | AA80: =IF($B80="","",YEAR($B80)) | AB80: =IF($Z$5="Todas",TRUE,$AA80=$Z$5) -> FALSE
A81: 80 | C81: Liga | N81: =IF(OR(H81="",I81="",J81="",K81=""),"",(IF(H81>I81,1,0)+IF(J81>K81,1,0)+IF(AND(L81<>"",M81<>""),IF(L81>M81,1,0),0))) | O81: =IF(N81="","",(IF(H81<I81,1,0)+IF(J81<K81,1,0)+IF(AND(L81<>"",M81<>""),IF(L81<M81,1,0),0))) | P81: =IF(N81="","",IF(N81>O81,"A","B")) | Q81: =IF(N81="","",H81+J81+IF(L81="",0,L81)) | R81: =IF(N81="","",I81+K81+IF(M81="",0,M81)) | S81: =IF(N81="","",Q81-R81) | T81: =IF(OR(C81<>$X$2,P81=""),"",MIN(MAX(0,S81)*$X$5,$X$6)) | U81: =IF(OR(C81<>$X$2,P81=""),"",MIN(MAX(0,-S81)*$X$5,$X$6)) | V81: =IF($Z$2="","",OR($D81=$Z$2,$E81=$Z$2,$F81=$Z$2,$G81=$Z$2)) -> FALSE | AA81: =IF($B81="","",YEAR($B81)) | AB81: =IF($Z$5="Todas",TRUE,$AA81=$Z$5) -> FALSE
A82: 81 | C82: Liga | N82: =IF(OR(H82="",I82="",J82="",K82=""),"",(IF(H82>I82,1,0)+IF(J82>K82,1,0)+IF(AND(L82<>"",M82<>""),IF(L82>M82,1,0),0))) | O82: =IF(N82="","",(IF(H82<I82,1,0)+IF(J82<K82,1,0)+IF(AND(L82<>"",M82<>""),IF(L82<M82,1,0),0))) | P82: =IF(N82="","",IF(N82>O82,"A","B")) | Q82: =IF(N82="","",H82+J82+IF(L82="",0,L82)) | R82: =IF(N82="","",I82+K82+IF(M82="",0,M82)) | S82: =IF(N82="","",Q82-R82) | T82: =IF(OR(C82<>$X$2,P82=""),"",MIN(MAX(0,S82)*$X$5,$X$6)) | U82: =IF(OR(C82<>$X$2,P82=""),"",MIN(MAX(0,-S82)*$X$5,$X$6)) | V82: =IF($Z$2="","",OR($D82=$Z$2,$E82=$Z$2,$F82=$Z$2,$G82=$Z$2)) -> FALSE | AA82: =IF($B82="","",YEAR($B82)) | AB82: =IF($Z$5="Todas",TRUE,$AA82=$Z$5) -> FALSE
A83: 82 | C83: Liga | N83: =IF(OR(H83="",I83="",J83="",K83=""),"",(IF(H83>I83,1,0)+IF(J83>K83,1,0)+IF(AND(L83<>"",M83<>""),IF(L83>M83,1,0),0))) | O83: =IF(N83="","",(IF(H83<I83,1,0)+IF(J83<K83,1,0)+IF(AND(L83<>"",M83<>""),IF(L83<M83,1,0),0))) | P83: =IF(N83="","",IF(N83>O83,"A","B")) | Q83: =IF(N83="","",H83+J83+IF(L83="",0,L83)) | R83: =IF(N83="","",I83+K83+IF(M83="",0,M83)) | S83: =IF(N83="","",Q83-R83) | T83: =IF(OR(C83<>$X$2,P83=""),"",MIN(MAX(0,S83)*$X$5,$X$6)) | U83: =IF(OR(C83<>$X$2,P83=""),"",MIN(MAX(0,-S83)*$X$5,$X$6)) | V83: =IF($Z$2="","",OR($D83=$Z$2,$E83=$Z$2,$F83=$Z$2,$G83=$Z$2)) -> FALSE | AA83: =IF($B83="","",YEAR($B83)) | AB83: =IF($Z$5="Todas",TRUE,$AA83=$Z$5) -> FALSE
A84: 83 | C84: Liga | N84: =IF(OR(H84="",I84="",J84="",K84=""),"",(IF(H84>I84,1,0)+IF(J84>K84,1,0)+IF(AND(L84<>"",M84<>""),IF(L84>M84,1,0),0))) | O84: =IF(N84="","",(IF(H84<I84,1,0)+IF(J84<K84,1,0)+IF(AND(L84<>"",M84<>""),IF(L84<M84,1,0),0))) | P84: =IF(N84="","",IF(N84>O84,"A","B")) | Q84: =IF(N84="","",H84+J84+IF(L84="",0,L84)) | R84: =IF(N84="","",I84+K84+IF(M84="",0,M84)) | S84: =IF(N84="","",Q84-R84) | T84: =IF(OR(C84<>$X$2,P84=""),"",MIN(MAX(0,S84)*$X$5,$X$6)) | U84: =IF(OR(C84<>$X$2,P84=""),"",MIN(MAX(0,-S84)*$X$5,$X$6)) | V84: =IF($Z$2="","",OR($D84=$Z$2,$E84=$Z$2,$F84=$Z$2,$G84=$Z$2)) -> FALSE | AA84: =IF($B84="","",YEAR($B84)) | AB84: =IF($Z$5="Todas",TRUE,$AA84=$Z$5) -> FALSE
A85: 84 | C85: Liga | N85: =IF(OR(H85="",I85="",J85="",K85=""),"",(IF(H85>I85,1,0)+IF(J85>K85,1,0)+IF(AND(L85<>"",M85<>""),IF(L85>M85,1,0),0))) | O85: =IF(N85="","",(IF(H85<I85,1,0)+IF(J85<K85,1,0)+IF(AND(L85<>"",M85<>""),IF(L85<M85,1,0),0))) | P85: =IF(N85="","",IF(N85>O85,"A","B")) | Q85: =IF(N85="","",H85+J85+IF(L85="",0,L85)) | R85: =IF(N85="","",I85+K85+IF(M85="",0,M85)) | S85: =IF(N85="","",Q85-R85) | T85: =IF(OR(C85<>$X$2,P85=""),"",MIN(MAX(0,S85)*$X$5,$X$6)) | U85: =IF(OR(C85<>$X$2,P85=""),"",MIN(MAX(0,-S85)*$X$5,$X$6)) | V85: =IF($Z$2="","",OR($D85=$Z$2,$E85=$Z$2,$F85=$Z$2,$G85=$Z$2)) -> FALSE | AA85: =IF($B85="","",YEAR($B85)) | AB85: =IF($Z$5="Todas",TRUE,$AA85=$Z$5) -> FALSE
A86: 85 | C86: Liga | N86: =IF(OR(H86="",I86="",J86="",K86=""),"",(IF(H86>I86,1,0)+IF(J86>K86,1,0)+IF(AND(L86<>"",M86<>""),IF(L86>M86,1,0),0))) | O86: =IF(N86="","",(IF(H86<I86,1,0)+IF(J86<K86,1,0)+IF(AND(L86<>"",M86<>""),IF(L86<M86,1,0),0))) | P86: =IF(N86="","",IF(N86>O86,"A","B")) | Q86: =IF(N86="","",H86+J86+IF(L86="",0,L86)) | R86: =IF(N86="","",I86+K86+IF(M86="",0,M86)) | S86: =IF(N86="","",Q86-R86) | T86: =IF(OR(C86<>$X$2,P86=""),"",MIN(MAX(0,S86)*$X$5,$X$6)) | U86: =IF(OR(C86<>$X$2,P86=""),"",MIN(MAX(0,-S86)*$X$5,$X$6)) | V86: =IF($Z$2="","",OR($D86=$Z$2,$E86=$Z$2,$F86=$Z$2,$G86=$Z$2)) -> FALSE | AA86: =IF($B86="","",YEAR($B86)) | AB86: =IF($Z$5="Todas",TRUE,$AA86=$Z$5) -> FALSE
... A501: 500 | C501: Liga | N501: =IF(OR(H501="",I501="",J501="",K501=""),"",(IF(H501>I501,1,0)+IF(J501>K501,1,0)+IF(AND(L501<>"",M501<>""),IF(L501>M501,1,0),0))) | O501: =IF(N501="","",(IF(H501<I501,1,0)+IF(J501<K501,1,0)+IF(AND(L501<>"",M501<>""),IF(L501<M501,1,0),0))) | P501: =IF(N501="","",IF(N501>O501,"A","B")) | Q501: =IF(N501="","",H501+J501+IF(L501="",0,L501)) | R501: =IF(N501="","",I501+K501+IF(M501="",0,M501)) | S501: =IF(N501="","",Q501-R501) | T501: =IF(OR(C501<>$X$2,P501=""),"",MIN(MAX(0,S501)*$X$5,$X$6)) | U501: =IF(OR(C501<>$X$2,P501=""),"",MIN(MAX(0,-S501)*$X$5,$X$6)) | V501: =IF($Z$2="","",OR($D501=$Z$2,$E501=$Z$2,$F501=$Z$2,$G501=$Z$2)) -> FALSE | AA501: =IF($B501="","",YEAR($B501)) | AB501: =IF($Z$5="Todas",TRUE,$AA501=$Z$5) -> FALSE

Sheet Ranking
A1: Pos | B1: Jugador | C1: PJ | D1: V | E1: D | F1: GamesF | G1: GamesC | H1: Dif | I1: Bonus | J1: PuntosTotal | K1: SetsF | L1: SetsC | M1: Dif Sets
A2: =IF(B2="","",RANK(J2,$J$2:$J$61,0)+COUNTIFS($J$2:$J$61,J2,$H$2:$H$61,">"&H2)+COUNTIFS($J$2:$J$61,J2,$H$2:$H$61,H2,$M$2:$M$61,">"&M2)+COUNTIFS($J$2:$J$61,J2,$H$2:$H$61,H2,$M$2:$M$61,M2,$D$2:$D$61,">"&D2)+COUNTIFS($J$2:$J$61,J2,$H$2:$H$61,H2,$M$2:$M$61,M2,$D$2:$D$61,D2,$B$2:$B$61,">"&B2)) -> 1 | B2: =IF(Jugadores!B6="","",Jugadores!B6) -> Carmelo Rosario | C2: =IF(B2="","",COUNTIFS(Partidos!$C:$C,Partidos!$X$2,Partidos!$D:$D,B2)+COUNTIFS(Partidos!$C:$C,Partidos!$X$2,Partidos!$E:$E,B2)+COUNTIFS(Partidos!$C:$C,Partidos!$X$2,Partidos!$F:$F,B2)+COUNTIFS(Partidos!$C:$C,Partidos!$X$2,Partidos!$G:$G,B2)) -> 35 | D2: =IF(B2="","",COUNTIFS(Partidos!$C:$C,Partidos!$X$2,Partidos!$P:$P,"A",Partidos!$D:$D,B2)+COUNTIFS(Partidos!$C:$C,Partidos!$X$2,Partidos!$P:$P,"A",Partidos!$E:$E,B2)+COUNTIFS(Partidos!$C:$C,Partidos!$X$2,Partidos!$P:$P,"B",Partidos!$F:$F,B2)+COUNTIFS(Partidos!$C:$C,Partidos!$X$2,Partidos!$P:$P,"B",Partidos!$G:$G,B2)) -> 23 | E2: =IF(B2="","",C2-D2) -> 12 | F2: =IF(B2="","",SUMIFS(Partidos!$Q:$Q,Partidos!$C:$C,Partidos!$X$2,Partidos!$D:$D,B2)+SUMIFS(Partidos!$Q:$Q,Partidos!$C:$C,Partidos!$X$2,Partidos!$E:$E,B2)+SUMIFS(Partidos!$R:$R,Partidos!$C:$C,Partidos!$X$2,Partidos!$F:$F,B2)+SUMIFS(Partidos!$R:$R,Partidos!$C:$C,Partidos!$X$2,Partidos!$G:$G,B2)) -> 422 | G2: =IF(B2="","",SUMIFS(Partidos!$R:$R,Partidos!$C:$C,Partidos!$X$2,Partidos!$D:$D,B2)+SUMIFS(Partidos!$R:$R,Partidos!$C:$C,Partidos!$X$2,Partidos!$E:$E,B2)+SUMIFS(Partidos!$Q:$Q,Partidos!$C:$C,Partidos!$X$2,Partidos!$F:$F,B2)+SUMIFS(Partidos!$Q:$Q,Partidos!$C:$C,Partidos!$X$2,Partidos!$G:$G,B2)) -> 361 | H2: =IF(B2="","",F2-G2) -> 61 | I2: =IF(B2="","",SUMIFS(Partidos!$T:$T,Partidos!$C:$C,Partidos!$X$2,Partidos!$D:$D,B2)+SUMIFS(Partidos!$T:$T,Partidos!$C:$C,Partidos!$X$2,Partidos!$E:$E,B2)+SUMIFS(Partidos!$U:$U,Partidos!$C:$C,Partidos!$X$2,Partidos!$F:$F,B2)+SUMIFS(Partidos!$U:$U,Partidos!$C:$C,Partidos!$X$2,Partidos!$G:$G,B2)) -> 2.48 | J2: =IF(B2="","",D2*Partidos!$X$3 + E2*Partidos!$X$4 + I2) -> 48.48 | K2: =IF(B2="","",SUMIFS(Partidos!$N:$N,Partidos!$C:$C,Partidos!$X$2,Partidos!$D:$D,B2)+SUMIFS(Partidos!$N:$N,Partidos!$C:$C,Partidos!$X$2,Partidos!$E:$E,B2)+SUMIFS(Partidos!$O:$O,Partidos!$C:$C,Partidos!$X$2,Partidos!$F:$F,B2)+SUMIFS(Partidos!$O:$O,Partidos!$C:$C,Partidos!$X$2,Partidos!$G:$G,B2)) -> 50 | L2: =IF(B2="","",SUMIFS(Partidos!$O:$O,Partidos!$C:$C,Partidos!$X$2,Partidos!$D:$D,B2)+SUMIFS(Partidos!$O:$O,Partidos!$C:$C,Partidos!$X$2,Partidos!$E:$E,B2)+SUMIFS(Partidos!$N:$N,Partidos!$C:$C,Partidos!$X$2,Partidos!$F:$F,B2)+SUMIFS(Partidos!$N:$N,Partidos!$C:$C,Partidos!$X$2,Partidos!$G:$G,B2)) -> 34 | M2: =IF(B2="","",K2-L2) -> 16
A3: =IF(B3="","",RANK(J3,$J$2:$J$61,0)+COUNTIFS($J$2:$J$61,J3,$H$2:$H$61,">"&H3)+COUNTIFS($J$2:$J$61,J3,$H$2:$H$61,H3,$M$2:$M$61,">"&M3)+COUNTIFS($J$2:$J$61,J3,$H$2:$H$61,H3,$M$2:$M$61,M3,$D$2:$D$61,">"&D3)+COUNTIFS($J$2:$J$61,J3,$H$2:$H$61,H3,$M$2:$M$61,M3,$D$2:$D$61,D3,$B$2:$B$61,">"&B3)) -> 2 | B3: =IF(Jugadores!B2="","",Jugadores!B2) -> Javier suarez | C3: =IF(B3="","",COUNTIFS(Partidos!$C:$C,Partidos!$X$2,Partidos!$D:$D,B3)+COUNTIFS(Partidos!$C:$C,Partidos!$X$2,Partidos!$E:$E,B3)+COUNTIFS(Partidos!$C:$C,Partidos!$X$2,Partidos!$F:$F,B3)+COUNTIFS(Partidos!$C:$C,Partidos!$X$2,Partidos!$G:$G,B3)) -> 28 | D3: =IF(B3="","",COUNTIFS(Partidos!$C:$C,Partidos!$X$2,Partidos!$P:$P,"A",Partidos!$D:$D,B3)+COUNTIFS(Partidos!$C:$C,Partidos!$X$2,Partidos!$P:$P,"A",Partidos!$E:$E,B3)+COUNTIFS(Partidos!$C:$C,Partidos!$X$2,Partidos!$P:$P,"B",Partidos!$F:$F,B3)+COUNTIFS(Partidos!$C:$C,Partidos!$X$2,Partidos!$P:$P,"B",Partidos!$G:$G,B3)) -> 19 | E3: =IF(B3="","",C3-D3) -> 9 | F3: =IF(B3="","",SUMIFS(Partidos!$Q:$Q,Partidos!$C:$C,Partidos!$X$2,Partidos!$D:$D,B3)+SUMIFS(Partidos!$Q:$Q,Partidos!$C:$C,Partidos!$X$2,Partidos!$E:$E,B3)+SUMIFS(Partidos!$R:$R,Partidos!$C:$C,Partidos!$X$2,Partidos!$F:$F,B3)+SUMIFS(Partidos!$R:$R,Partidos!$C:$C,Partidos!$X$2,Partidos!$G:$G,B3)) -> 349 | G3: =IF(B3="","",SUMIFS(Partidos!$R:$R,Partidos!$C:$C,Partidos!$X$2,Partidos!$D:$D,B3)+SUMIFS(Partidos!$R:$R,Partidos!$C:$C,Partidos!$X$2,Partidos!$E:$E,B3)+SUMIFS(Partidos!$Q:$Q,Partidos!$C:$C,Partidos!$X$2,Partidos!$F:$F,B3)+SUMIFS(Partidos!$Q:$Q,Partidos!$C:$C,Partidos!$X$2,Partidos!$G:$G,B3)) -> 249 | H3: =IF(B3="","",F3-G3) -> 100 | I3: =IF(B3="","",SUMIFS(Partidos!$T:$T,Partidos!$C:$C,Partidos!$X$2,Partidos!$D:$D,B3)+SUMIFS(Partidos!$T:$T,Partidos!$C:$C,Partidos!$X$2,Partidos!$E:$E,B3)+SUMIFS(Partidos!$U:$U,Partidos!$C:$C,Partidos!$X$2,Partidos!$F:$F,B3)+SUMIFS(Partidos!$U:$U,Partidos!$C:$C,Partidos!$X$2,Partidos!$G:$G,B3)) -> 2.64 | J3: =IF(B3="","",D3*Partidos!$X$3 + E3*Partidos!$X$4 + I3) -> 40.64 | K3: =IF(B3="","",SUMIFS(Partidos!$N:$N,Partidos!$C:$C,Partidos!$X$2,Partidos!$D:$D,B3)+SUMIFS(Partidos!$N:$N,Partidos!$C:$C,Partidos!$X$2,Partidos!$E:$E,B3)+SUMIFS(Partidos!$O:$O,Partidos!$C:$C,Partidos!$X$2,Partidos!$F:$F,B3)+SUMIFS(Partidos!$O:$O,Partidos!$C:$C,Partidos!$X$2,Partidos!$G:$G,B3)) -> 45 | L3: =IF(B3="","",SUMIFS(Partidos!$O:$O,Partidos!$C:$C,Partidos!$X$2,Partidos!$D:$D,B3)+SUMIFS(Partidos!$O:$O,Partidos!$C:$C,Partidos!$X$2,Partidos!$E:$E,B3)+SUMIFS(Partidos!$N:$N,Partidos!$C:$C,Partidos!$X$2,Partidos!$F:$F,B3)+SUMIFS(Partidos!$N:$N,Partidos!$C:$C,Partidos!$X$2,Partidos!$G:$G,B3)) -> 20 | M3: =IF(B3="","",K3-L3) -> 25
A4: =IF(B4="","",RANK(J4,$J$2:$J$61,0)+COUNTIFS($J$2:$J$61,J4,$H$2:$H$61,">"&H4)+COUNTIFS($J$2:$J$61,J4,$H$2:$H$61,H4,$M$2:$M$61,">"&M4)+COUNTIFS($J$2:$J$61,J4,$H$2:$H$61,H4,$M$2:$M$61,M4,$D$2:$D$61,">"&D4)+COUNTIFS($J$2:$J$61,J4,$H$2:$H$61,H4,$M$2:$M$61,M4,$D$2:$D$61,D4,$B$2:$B$61,">"&B4)) -> 3 | B4: =IF(Jugadores!B11="","",Jugadores!B11) -> Javier Bonilla | C4: =IF(B4="","",COUNTIFS(Partidos!$C:$C,Partidos!$X$2,Partidos!$D:$D,B4)+COUNTIFS(Partidos!$C:$C,Partidos!$X$2,Partidos!$E:$E,B4)+COUNTIFS(Partidos!$C:$C,Partidos!$X$2,Partidos!$F:$F,B4)+COUNTIFS(Partidos!$C:$C,Partidos!$X$2,Partidos!$G:$G,B4)) -> 29 | D4: =IF(B4="","",COUNTIFS(Partidos!$C:$C,Partidos!$X$2,Partidos!$P:$P,"A",Partidos!$D:$D,B4)+COUNTIFS(Partidos!$C:$C,Partidos!$X$2,Partidos!$P:$P,"A",Partidos!$E:$E,B4)+COUNTIFS(Partidos!$C:$C,Partidos!$X$2,Partidos!$P:$P,"B",Partidos!$F:$F,B4)+COUNTIFS(Partidos!$C:$C,Partidos!$X$2,Partidos!$P:$P,"B",Partidos!$G:$G,B4)) -> 17 | E4: =IF(B4="","",C4-D4) -> 12 | F4: =IF(B4="","",SUMIFS(Partidos!$Q:$Q,Partidos!$C:$C,Partidos!$X$2,Partidos!$D:$D,B4)+SUMIFS(Partidos!$Q:$Q,Partidos!$C:$C,Partidos!$X$2,Partidos!$E:$E,B4)+SUMIFS(Partidos!$R:$R,Partidos!$C:$C,Partidos!$X$2,Partidos!$F:$F,B4)+SUMIFS(Partidos!$R:$R,Partidos!$C:$C,Partidos!$X$2,Partidos!$G:$G,B4)) -> 320 | G4: =IF(B4="","",SUMIFS(Partidos!$R:$R,Partidos!$C:$C,Partidos!$X$2,Partidos!$D:$D,B4)+SUMIFS(Partidos!$R:$R,Partidos!$C:$C,Partidos!$X$2,Partidos!$E:$E,B4)+SUMIFS(Partidos!$Q:$Q,Partidos!$C:$C,Partidos!$X$2,Partidos!$F:$F,B4)+SUMIFS(Partidos!$Q:$Q,Partidos!$C:$C,Partidos!$X$2,Partidos!$G:$G,B4)) -> 316 | H4: =IF(B4="","",F4-G4) -> 4 | I4: =IF(B4="","",SUMIFS(Partidos!$T:$T,Partidos!$C:$C,Partidos!$X$2,Partidos!$D:$D,B4)+SUMIFS(Partidos!$T:$T,Partidos!$C:$C,Partidos!$X$2,Partidos!$E:$E,B4)+SUMIFS(Partidos!$U:$U,Partidos!$C:$C,Partidos!$X$2,Partidos!$F:$F,B4)+SUMIFS(Partidos!$U:$U,Partidos!$C:$C,Partidos!$X$2,Partidos!$G:$G,B4)) -> 1.6 | J4: =IF(B4="","",D4*Partidos!$X$3 + E4*Partidos!$X$4 + I4) -> 35.6 | K4: =IF(B4="","",SUMIFS(Partidos!$N:$N,Partidos!$C:$C,Partidos!$X$2,Partidos!$D:$D,B4)+SUMIFS(Partidos!$N:$N,Partidos!$C:$C,Partidos!$X$2,Partidos!$E:$E,B4)+SUMIFS(Partidos!$O:$O,Partidos!$C:$C,Partidos!$X$2,Partidos!$F:$F,B4)+SUMIFS(Partidos!$O:$O,Partidos!$C:$C,Partidos!$X$2,Partidos!$G:$G,B4)) -> 37 | L4: =IF(B4="","",SUMIFS(Partidos!$O:$O,Partidos!$C:$C,Partidos!$X$2,Partidos!$D:$D,B4)+SUMIFS(Partidos!$O:$O,Partidos!$C:$C,Partidos!$X$2,Partidos!$E:$E,B4)+SUMIFS(Partidos!$N:$N,Partidos!$C:$C,Partidos!$X$2,Partidos!$F:$F,B4)+SUMIFS(Partidos!$N:$N,Partidos!$C:$C,Partidos!$X$2,Partidos!$G:$G,B4)) -> 30 | M4: =IF(B4="","",K4-L4) -> 7
A5: =IF(B5="","",RANK(J5,$J$2:$J$61,0)+COUNTIFS($J$2:$J$61,J5,$H$2:$H$61,">"&H5)+COUNTIFS($J$2:$J$61,J5,$H$2:$H$61,H5,$M$2:$M$61,">"&M5)+COUNTIFS($J$2:$J$61,J5,$H$2:$H$61,H5,$M$2:$M$61,M5,$D$2:$D$61,">"&D5)+COUNTIFS($J$2:$J$61,J5,$H$2:$H$61,H5,$M$2:$M$61,M5,$D$2:$D$61,D5,$B$2:$B$61,">"&B5)) -> 4 | B5: =IF(Jugadores!B7="","",Jugadores!B7) -> Israel Suárez | C5: =IF(B5="","",COUNTIFS(Partidos!$C:$C,Partidos!$X$2,Partidos!$D:$D,B5)+COUNTIFS(Partidos!$C:$C,Partidos!$X$2,Partidos!$E:$E,B5)+COUNTIFS(Partidos!$C:$C,Partidos!$X$2,Partidos!$F:$F,B5)+COUNTIFS(Partidos!$C:$C,Partidos!$X$2,Partidos!$G:$G,B5)) -> 20 | D5: =IF(B5="","",COUNTIFS(Partidos!$C:$C,Partidos!$X$2,Partidos!$P:$P,"A",Partidos!$D:$D,B5)+COUNTIFS(Partidos!$C:$C,Partidos!$X$2,Partidos!$P:$P,"A",Partidos!$E:$E,B5)+COUNTIFS(Partidos!$C:$C,Partidos!$X$2,Partidos!$P:$P,"B",Partidos!$F:$F,B5)+COUNTIFS(Partidos!$C:$C,Partidos!$X$2,Partidos!$P:$P,"B",Partidos!$G:$G,B5)) -> 15 | E5: =IF(B5="","",C5-D5) -> 5 | F5: =IF(B5="","",SUMIFS(Partidos!$Q:$Q,Partidos!$C:$C,Partidos!$X$2,Partidos!$D:$D,B5)+SUMIFS(Partidos!$Q:$Q,Partidos!$C:$C,Partidos!$X$2,Partidos!$E:$E,B5)+SUMIFS(Partidos!$R:$R,Partidos!$C:$C,Partidos!$X$2,Partidos!$F:$F,B5)+SUMIFS(Partidos!$R:$R,Partidos!$C:$C,Partidos!$X$2,Partidos!$G:$G,B5)) -> 247 | G5: =IF(B5="","",SUMIFS(Partidos!$R:$R,Partidos!$C:$C,Partidos!$X$2,Partidos!$D:$D,B5)+SUMIFS(Partidos!$R:$R,Partidos!$C:$C,Partidos!$X$2,Partidos!$E:$E,B5)+SUMIFS(Partidos!$Q:$Q,Partidos!$C:$C,Partidos!$X$2,Partidos!$F:$F,B5)+SUMIFS(Partidos!$Q:$Q,Partidos!$C:$C,Partidos!$X$2,Partidos!$G:$G,B5)) -> 211 | H5: =IF(B5="","",F5-G5) -> 36 | I5: =IF(B5="","",SUMIFS(Partidos!$T:$T,Partidos!$C:$C,Partidos!$X$2,Partidos!$D:$D,B5)+SUMIFS(Partidos!$T:$T,Partidos!$C:$C,Partidos!$X$2,Partidos!$E:$E,B5)+SUMIFS(Partidos!$U:$U,Partidos!$C:$C,Partidos!$X$2,Partidos!$F:$F,B5)+SUMIFS(Partidos!$U:$U,Partidos!$C:$C,Partidos!$X$2,Partidos!$G:$G,B5)) -> 1.34 | J5: =IF(B5="","",D5*Partidos!$X$3 + E5*Partidos!$X$4 + I5) -> 31.34 | K5: =IF(B5="","",SUMIFS(Partidos!$N:$N,Partidos!$C:$C,Partidos!$X$2,Partidos!$D:$D,B5)+SUMIFS(Partidos!$N:$N,Partidos!$C:$C,Partidos!$X$2,Partidos!$E:$E,B5)+SUMIFS(Partidos!$O:$O,Partidos!$C:$C,Partidos!$X$2,Partidos!$F:$F,B5)+SUMIFS(Partidos!$O:$O,Partidos!$C:$C,Partidos!$X$2,Partidos!$G:$G,B5)) -> 31 | L5: =IF(B5="","",SUMIFS(Partidos!$O:$O,Partidos!$C:$C,Partidos!$X$2,Partidos!$D:$D,B5)+SUMIFS(Partidos!$O:$O,Partidos!$C:$C,Partidos!$X$2,Partidos!$E:$E,B5)+SUMIFS(Partidos!$N:$N,Partidos!$C:$C,Partidos!$X$2,Partidos!$F:$F,B5)+SUMIFS(Partidos!$N:$N,Partidos!$C:$C,Partidos!$X$2,Partidos!$G:$G,B5)) -> 18 | M5: =IF(B5="","",K5-L5) -> 13
A6: =IF(B6="","",RANK(J6,$J$2:$J$61,0)+COUNTIFS($J$2:$J$61,J6,$H$2:$H$61,">"&H6)+COUNTIFS($J$2:$J$61,J6,$H$2:$H$61,H6,$M$2:$M$61,">"&M6)+COUNTIFS($J$2:$J$61,J6,$H$2:$H$61,H6,$M$2:$M$61,M6,$D$2:$D$61,">"&D6)+COUNTIFS($J$2:$J$61,J6,$H$2:$H$61,H6,$M$2:$M$61,M6,$D$2:$D$61,D6,$B$2:$B$61,">"&B6)) -> 5 | B6: =IF(Jugadores!B3="","",Jugadores!B3) -> Imobach González | C6: =IF(B6="","",COUNTIFS(Partidos!$C:$C,Partidos!$X$2,Partidos!$D:$D,B6)+COUNTIFS(Partidos!$C:$C,Partidos!$X$2,Partidos!$E:$E,B6)+COUNTIFS(Partidos!$C:$C,Partidos!$X$2,Partidos!$F:$F,B6)+COUNTIFS(Partidos!$C:$C,Partidos!$X$2,Partidos!$G:$G,B6)) -> 26 | D6: =IF(B6="","",COUNTIFS(Partidos!$C:$C,Partidos!$X$2,Partidos!$P:$P,"A",Partidos!$D:$D,B6)+COUNTIFS(Partidos!$C:$C,Partidos!$X$2,Partidos!$P:$P,"A",Partidos!$E:$E,B6)+COUNTIFS(Partidos!$C:$C,Partidos!$X$2,Partidos!$P:$P,"B",Partidos!$F:$F,B6)+COUNTIFS(Partidos!$C:$C,Partidos!$X$2,Partidos!$P:$P,"B",Partidos!$G:$G,B6)) -> 14 | E6: =IF(B6="","",C6-D6) -> 12 | F6: =IF(B6="","",SUMIFS(Partidos!$Q:$Q,Partidos!$C:$C,Partidos!$X$2,Partidos!$D:$D,B6)+SUMIFS(Partidos!$Q:$Q,Partidos!$C:$C,Partidos!$X$2,Partidos!$E:$E,B6)+SUMIFS(Partidos!$R:$R,Partidos!$C:$C,Partidos!$X$2,Partidos!$F:$F,B6)+SUMIFS(Partidos!$R:$R,Partidos!$C:$C,Partidos!$X$2,Partidos!$G:$G,B6)) -> 293 | G6: =IF(B6="","",SUMIFS(Partidos!$R:$R,Partidos!$C:$C,Partidos!$X$2,Partidos!$D:$D,B6)+SUMIFS(Partidos!$R:$R,Partidos!$C:$C,Partidos!$X$2,Partidos!$E:$E,B6)+SUMIFS(Partidos!$Q:$Q,Partidos!$C:$C,Partidos!$X$2,Partidos!$F:$F,B6)+SUMIFS(Partidos!$Q:$Q,Partidos!$C:$C,Partidos!$X$2,Partidos!$G:$G,B6)) -> 270 | H6: =IF(B6="","",F6-G6) -> 23 | I6: =IF(B6="","",SUMIFS(Partidos!$T:$T,Partidos!$C:$C,Partidos!$X$2,Partidos!$D:$D,B6)+SUMIFS(Partidos!$T:$T,Partidos!$C:$C,Partidos!$X$2,Partidos!$E:$E,B6)+SUMIFS(Partidos!$U:$U,Partidos!$C:$C,Partidos!$X$2,Partidos!$F:$F,B6)+SUMIFS(Partidos!$U:$U,Partidos!$C:$C,Partidos!$X$2,Partidos!$G:$G,B6)) -> 1.72 | J6: =IF(B6="","",D6*Partidos!$X$3 + E6*Partidos!$X$4 + I6) -> 29.72 | K6: =IF(B6="","",SUMIFS(Partidos!$N:$N,Partidos!$C:$C,Partidos!$X$2,Partidos!$D:$D,B6)+SUMIFS(Partidos!$N:$N,Partidos!$C:$C,Partidos!$X$2,Partidos!$E:$E,B6)+SUMIFS(Partidos!$O:$O,Partidos!$C:$C,Partidos!$X$2,Partidos!$F:$F,B6)+SUMIFS(Partidos!$O:$O,Partidos!$C:$C,Partidos!$X$2,Partidos!$G:$G,B6)) -> 33 | L6: =IF(B6="","",SUMIFS(Partidos!$O:$O,Partidos!$C:$C,Partidos!$X$2,Partidos!$D:$D,B6)+SUMIFS(Partidos!$O:$O,Partidos!$C:$C,Partidos!$X$2,Partidos!$E:$E,B6)+SUMIFS(Partidos!$N:$N,Partidos!$C:$C,Partidos!$X$2,Partidos!$F:$F,B6)+SUMIFS(Partidos!$N:$N,Partidos!$C:$C,Partidos!$X$2,Partidos!$G:$G,B6)) -> 27 | M6: =IF(B6="","",K6-L6) -> 6
A7: =IF(B7="","",RANK(J7,$J$2:$J$61,0)+COUNTIFS($J$2:$J$61,J7,$H$2:$H$61,">"&H7)+COUNTIFS($J$2:$J$61,J7,$H$2:$H$61,H7,$M$2:$M$61,">"&M7)+COUNTIFS($J$2:$J$61,J7,$H$2:$H$61,H7,$M$2:$M$61,M7,$D$2:$D$61,">"&D7)+COUNTIFS($J$2:$J$61,J7,$H$2:$H$61,H7,$M$2:$M$61,M7,$D$2:$D$61,D7,$B$2:$B$61,">"&B7)) -> 6 | B7: =IF(Jugadores!B13="","",Jugadores!B13) -> Guillermo Medina | C7: =IF(B7="","",COUNTIFS(Partidos!$C:$C,Partidos!$X$2,Partidos!$D:$D,B7)+COUNTIFS(Partidos!$C:$C,Partidos!$X$2,Partidos!$E:$E,B7)+COUNTIFS(Partidos!$C:$C,Partidos!$X$2,Partidos!$F:$F,B7)+COUNTIFS(Partidos!$C:$C,Partidos!$X$2,Partidos!$G:$G,B7)) -> 20 | D7: =IF(B7="","",COUNTIFS(Partidos!$C:$C,Partidos!$X$2,Partidos!$P:$P,"A",Partidos!$D:$D,B7)+COUNTIFS(Partidos!$C:$C,Partidos!$X$2,Partidos!$P:$P,"A",Partidos!$E:$E,B7)+COUNTIFS(Partidos!$C:$C,Partidos!$X$2,Partidos!$P:$P,"B",Partidos!$F:$F,B7)+COUNTIFS(Partidos!$C:$C,Partidos!$X$2,Partidos!$P:$P,"B",Partidos!$G:$G,B7)) -> 9 | E7: =IF(B7="","",C7-D7) -> 11 | F7: =IF(B7="","",SUMIFS(Partidos!$Q:$Q,Partidos!$C:$C,Partidos!$X$2,Partidos!$D:$D,B7)+SUMIFS(Partidos!$Q:$Q,Partidos!$C:$C,Partidos!$X$2,Partidos!$E:$E,B7)+SUMIFS(Partidos!$R:$R,Partidos!$C:$C,Partidos!$X$2,Partidos!$F:$F,B7)+SUMIFS(Partidos!$R:$R,Partidos!$C:$C,Partidos!$X$2,Partidos!$G:$G,B7)) -> 194 | G7: =IF(B7="","",SUMIFS(Partidos!$R:$R,Partidos!$C:$C,Partidos!$X$2,Partidos!$D:$D,B7)+SUMIFS(Partidos!$R:$R,Partidos!$C:$C,Partidos!$X$2,Partidos!$E:$E,B7)+SUMIFS(Partidos!$Q:$Q,Partidos!$C:$C,Partidos!$X$2,Partidos!$F:$F,B7)+SUMIFS(Partidos!$Q:$Q,Partidos!$C:$C,Partidos!$X$2,Partidos!$G:$G,B7)) -> 215 | H7: =IF(B7="","",F7-G7) -> -21 | I7: =IF(B7="","",SUMIFS(Partidos!$T:$T,Partidos!$C:$C,Partidos!$X$2,Partidos!$D:$D,B7)+SUMIFS(Partidos!$T:$T,Partidos!$C:$C,Partidos!$X$2,Partidos!$E:$E,B7)+SUMIFS(Partidos!$U:$U,Partidos!$C:$C,Partidos!$X$2,Partidos!$F:$F,B7)+SUMIFS(Partidos!$U:$U,Partidos!$C:$C,Partidos!$X$2,Partidos!$G:$G,B7)) -> 1 | J7: =IF(B7="","",D7*Partidos!$X$3 + E7*Partidos!$X$4 + I7) -> 19 | K7: =IF(B7="","",SUMIFS(Partidos!$N:$N,Partidos!$C:$C,Partidos!$X$2,Partidos!$D:$D,B7)+SUMIFS(Partidos!$N:$N,Partidos!$C:$C,Partidos!$X$2,Partidos!$E:$E,B7)+SUMIFS(Partidos!$O:$O,Partidos!$C:$C,Partidos!$X$2,Partidos!$F:$F,B7)+SUMIFS(Partidos!$O:$O,Partidos!$C:$C,Partidos!$X$2,Partidos!$G:$G,B7)) -> 22 | L7: =IF(B7="","",SUMIFS(Partidos!$O:$O,Partidos!$C:$C,Partidos!$X$2,Partidos!$D:$D,B7)+SUMIFS(Partidos!$O:$O,Partidos!$C:$C,Partidos!$X$2,Partidos!$E:$E,B7)+SUMIFS(Partidos!$N:$N,Partidos!$C:$C,Partidos!$X$2,Partidos!$F:$F,B7)+SUMIFS(Partidos!$N:$N,Partidos!$C:$C,Partidos!$X$2,Partidos!$G:$G,B7)) -> 25 | M7: =IF(B7="","",K7-L7) -> -3
A8: =IF(B8="","",RANK(J8,$J$2:$J$61,0)+COUNTIFS($J$2:$J$61,J8,$H$2:$H$61,">"&H8)+COUNTIFS($J$2:$J$61,J8,$H$2:$H$61,H8,$M$2:$M$61,">"&M8)+COUNTIFS($J$2:$J$61,J8,$H$2:$H$61,H8,$M$2:$M$61,M8,$D$2:$D$61,">"&D8)+COUNTIFS($J$2:$J$61,J8,$H$2:$H$61,H8,$M$2:$M$61,M8,$D$2:$D$61,D8,$B$2:$B$61,">"&B8)) -> 7 | B8: =IF(Jugadores!B15="","",Jugadores!B15) -> Nacho Navidad | C8: =IF(B8="","",COUNTIFS(Partidos!$C:$C,Partidos!$X$2,Partidos!$D:$D,B8)+COUNTIFS(Partidos!$C:$C,Partidos!$X$2,Partidos!$E:$E,B8)+COUNTIFS(Partidos!$C:$C,Partidos!$X$2,Partidos!$F:$F,B8)+COUNTIFS(Partidos!$C:$C,Partidos!$X$2,Partidos!$G:$G,B8)) -> 25 | D8: =IF(B8="","",COUNTIFS(Partidos!$C:$C,Partidos!$X$2,Partidos!$P:$P,"A",Partidos!$D:$D,B8)+COUNTIFS(Partidos!$C:$C,Partidos!$X$2,Partidos!$P:$P,"A",Partidos!$E:$E,B8)+COUNTIFS(Partidos!$C:$C,Partidos!$X$2,Partidos!$P:$P,"B",Partidos!$F:$F,B8)+COUNTIFS(Partidos!$C:$C,Partidos!$X$2,Partidos!$P:$P,"B",Partidos!$G:$G,B8)) -> 8 | E8: =IF(B8="","",C8-D8) -> 17 | F8: =IF(B8="","",SUMIFS(Partidos!$Q:$Q,Partidos!$C:$C,Partidos!$X$2,Partidos!$D:$D,B8)+SUMIFS(Partidos!$Q:$Q,Partidos!$C:$C,Partidos!$X$2,Partidos!$E:$E,B8)+SUMIFS(Partidos!$R:$R,Partidos!$C:$C,Partidos!$X$2,Partidos!$F:$F,B8)+SUMIFS(Partidos!$R:$R,Partidos!$C:$C,Partidos!$X$2,Partidos!$G:$G,B8)) -> 239 | G8: =IF(B8="","",SUMIFS(Partidos!$R:$R,Partidos!$C:$C,Partidos!$X$2,Partidos!$D:$D,B8)+SUMIFS(Partidos!$R:$R,Partidos!$C:$C,Partidos!$X$2,Partidos!$E:$E,B8)+SUMIFS(Partidos!$Q:$Q,Partidos!$C:$C,Partidos!$X$2,Partidos!$F:$F,B8)+SUMIFS(Partidos!$Q:$Q,Partidos!$C:$C,Partidos!$X$2,Partidos!$G:$G,B8)) -> 288 | H8: =IF(B8="","",F8-G8) -> -49 | I8: =IF(B8="","",SUMIFS(Partidos!$T:$T,Partidos!$C:$C,Partidos!$X$2,Partidos!$D:$D,B8)+SUMIFS(Partidos!$T:$T,Partidos!$C:$C,Partidos!$X$2,Partidos!$E:$E,B8)+SUMIFS(Partidos!$U:$U,Partidos!$C:$C,Partidos!$X$2,Partidos!$F:$F,B8)+SUMIFS(Partidos!$U:$U,Partidos!$C:$C,Partidos!$X$2,Partidos!$G:$G,B8)) -> 0.9 | J8: =IF(B8="","",D8*Partidos!$X$3 + E8*Partidos!$X$4 + I8) -> 16.9 | K8: =IF(B8="","",SUMIFS(Partidos!$N:$N,Partidos!$C:$C,Partidos!$X$2,Partidos!$D:$D,B8)+SUMIFS(Partidos!$N:$N,Partidos!$C:$C,Partidos!$X$2,Partidos!$E:$E,B8)+SUMIFS(Partidos!$O:$O,Partidos!$C:$C,Partidos!$X$2,Partidos!$F:$F,B8)+SUMIFS(Partidos!$O:$O,Partidos!$C:$C,Partidos!$X$2,Partidos!$G:$G,B8)) -> 20 | L8: =IF(B8="","",SUMIFS(Partidos!$O:$O,Partidos!$C:$C,Partidos!$X$2,Partidos!$D:$D,B8)+SUMIFS(Partidos!$O:$O,Partidos!$C:$C,Partidos!$X$2,Partidos!$E:$E,B8)+SUMIFS(Partidos!$N:$N,Partidos!$C:$C,Partidos!$X$2,Partidos!$F:$F,B8)+SUMIFS(Partidos!$N:$N,Partidos!$C:$C,Partidos!$X$2,Partidos!$G:$G,B8)) -> 37 | M8: =IF(B8="","",K8-L8) -> -17
A9: =IF(B9="","",RANK(J9,$J$2:$J$61,0)+COUNTIFS($J$2:$J$61,J9,$H$2:$H$61,">"&H9)+COUNTIFS($J$2:$J$61,J9,$H$2:$H$61,H9,$M$2:$M$61,">"&M9)+COUNTIFS($J$2:$J$61,J9,$H$2:$H$61,H9,$M$2:$M$61,M9,$D$2:$D$61,">"&D9)+COUNTIFS($J$2:$J$61,J9,$H$2:$H$61,H9,$M$2:$M$61,M9,$D$2:$D$61,D9,$B$2:$B$61,">"&B9)) -> 8 | B9: =IF(Jugadores!B9="","",Jugadores!B9) -> Alberto Pulido | C9: =IF(B9="","",COUNTIFS(Partidos!$C:$C,Partidos!$X$2,Partidos!$D:$D,B9)+COUNTIFS(Partidos!$C:$C,Partidos!$X$2,Partidos!$E:$E,B9)+COUNTIFS(Partidos!$C:$C,Partidos!$X$2,Partidos!$F:$F,B9)+COUNTIFS(Partidos!$C:$C,Partidos!$X$2,Partidos!$G:$G,B9)) -> 14 | D9: =IF(B9="","",COUNTIFS(Partidos!$C:$C,Partidos!$X$2,Partidos!$P:$P,"A",Partidos!$D:$D,B9)+COUNTIFS(Partidos!$C:$C,Partidos!$X$2,Partidos!$P:$P,"A",Partidos!$E:$E,B9)+COUNTIFS(Partidos!$C:$C,Partidos!$X$2,Partidos!$P:$P,"B",Partidos!$F:$F,B9)+COUNTIFS(Partidos!$C:$C,Partidos!$X$2,Partidos!$P:$P,"B",Partidos!$G:$G,B9)) -> 7 | E9: =IF(B9="","",C9-D9) -> 7 | F9: =IF(B9="","",SUMIFS(Partidos!$Q:$Q,Partidos!$C:$C,Partidos!$X$2,Partidos!$D:$D,B9)+SUMIFS(Partidos!$Q:$Q,Partidos!$C:$C,Partidos!$X$2,Partidos!$E:$E,B9)+SUMIFS(Partidos!$R:$R,Partidos!$C:$C,Partidos!$X$2,Partidos!$F:$F,B9)+SUMIFS(Partidos!$R:$R,Partidos!$C:$C,Partidos!$X$2,Partidos!$G:$G,B9)) -> 152 | G9: =IF(B9="","",SUMIFS(Partidos!$R:$R,Partidos!$C:$C,Partidos!$X$2,Partidos!$D:$D,B9)+SUMIFS(Partidos!$R:$R,Partidos!$C:$C,Partidos!$X$2,Partidos!$E:$E,B9)+SUMIFS(Partidos!$Q:$Q,Partidos!$C:$C,Partidos!$X$2,Partidos!$F:$F,B9)+SUMIFS(Partidos!$Q:$Q,Partidos!$C:$C,Partidos!$X$2,Partidos!$G:$G,B9)) -> 148 | H9: =IF(B9="","",F9-G9) -> 4 | I9: =IF(B9="","",SUMIFS(Partidos!$T:$T,Partidos!$C:$C,Partidos!$X$2,Partidos!$D:$D,B9)+SUMIFS(Partidos!$T:$T,Partidos!$C:$C,Partidos!$X$2,Partidos!$E:$E,B9)+SUMIFS(Partidos!$U:$U,Partidos!$C:$C,Partidos!$X$2,Partidos!$F:$F,B9)+SUMIFS(Partidos!$U:$U,Partidos!$C:$C,Partidos!$X$2,Partidos!$G:$G,B9)) -> 0.84 | J9: =IF(B9="","",D9*Partidos!$X$3 + E9*Partidos!$X$4 + I9) -> 14.84 | K9: =IF(B9="","",SUMIFS(Partidos!$N:$N,Partidos!$C:$C,Partidos!$X$2,Partidos!$D:$D,B9)+SUMIFS(Partidos!$N:$N,Partidos!$C:$C,Partidos!$X$2,Partidos!$E:$E,B9)+SUMIFS(Partidos!$O:$O,Partidos!$C:$C,Partidos!$X$2,Partidos!$F:$F,B9)+SUMIFS(Partidos!$O:$O,Partidos!$C:$C,Partidos!$X$2,Partidos!$G:$G,B9)) -> 16 | L9: =IF(B9="","",SUMIFS(Partidos!$O:$O,Partidos!$C:$C,Partidos!$X$2,Partidos!$D:$D,B9)+SUMIFS(Partidos!$O:$O,Partidos!$C:$C,Partidos!$X$2,Partidos!$E:$E,B9)+SUMIFS(Partidos!$N:$N,Partidos!$C:$C,Partidos!$X$2,Partidos!$F:$F,B9)+SUMIFS(Partidos!$N:$N,Partidos!$C:$C,Partidos!$X$2,Partidos!$G:$G,B9)) -> 18 | M9: =IF(B9="","",K9-L9) -> -2
A10: =IF(B10="","",RANK(J10,$J$2:$J$61,0)+COUNTIFS($J$2:$J$61,J10,$H$2:$H$61,">"&H10)+COUNTIFS($J$2:$J$61,J10,$H$2:$H$61,H10,$M$2:$M$61,">"&M10)+COUNTIFS($J$2:$J$61,J10,$H$2:$H$61,H10,$M$2:$M$61,M10,$D$2:$D$61,">"&D10)+COUNTIFS($J$2:$J$61,J10,$H$2:$H$61,H10,$M$2:$M$61,M10,$D$2:$D$61,D10,$B$2:$B$61,">"&B10)) -> 9 | B10: =IF(Jugadores!B14="","",Jugadores!B14) -> Eva Pulido | C10: =IF(B10="","",COUNTIFS(Partidos!$C:$C,Partidos!$X$2,Partidos!$D:$D,B10)+COUNTIFS(Partidos!$C:$C,Partidos!$X$2,Partidos!$E:$E,B10)+COUNTIFS(Partidos!$C:$C,Partidos!$X$2,Partidos!$F:$F,B10)+COUNTIFS(Partidos!$C:$C,Partidos!$X$2,Partidos!$G:$G,B10)) -> 18 | D10: =IF(B10="","",COUNTIFS(Partidos!$C:$C,Partidos!$X$2,Partidos!$P:$P,"A",Partidos!$D:$D,B10)+COUNTIFS(Partidos!$C:$C,Partidos!$X$2,Partidos!$P:$P,"A",Partidos!$E:$E,B10)+COUNTIFS(Partidos!$C:$C,Partidos!$X$2,Partidos!$P:$P,"B",Partidos!$F:$F,B10)+COUNTIFS(Partidos!$C:$C,Partidos!$X$2,Partidos!$P:$P,"B",Partidos!$G:$G,B10)) -> 7 | E10: =IF(B10="","",C10-D10) -> 11 | F10: =IF(B10="","",SUMIFS(Partidos!$Q:$Q,Partidos!$C:$C,Partidos!$X$2,Partidos!$D:$D,B10)+SUMIFS(Partidos!$Q:$Q,Partidos!$C:$C,Partidos!$X$2,Partidos!$E:$E,B10)+SUMIFS(Partidos!$R:$R,Partidos!$C:$C,Partidos!$X$2,Partidos!$F:$F,B10)+SUMIFS(Partidos!$R:$R,Partidos!$C:$C,Partidos!$X$2,Partidos!$G:$G,B10)) -> 175 | G10: =IF(B10="","",SUMIFS(Partidos!$R:$R,Partidos!$C:$C,Partidos!$X$2,Partidos!$D:$D,B10)+SUMIFS(Partidos!$R:$R,Partidos!$C:$C,Partidos!$X$2,Partidos!$E:$E,B10)+SUMIFS(Partidos!$Q:$Q,Partidos!$C:$C,Partidos!$X$2,Partidos!$F:$F,B10)+SUMIFS(Partidos!$Q:$Q,Partidos!$C:$C,Partidos!$X$2,Partidos!$G:$G,B10)) -> 202 | H10: =IF(B10="","",F10-G10) -> -27 | I10: =IF(B10="","",SUMIFS(Partidos!$T:$T,Partidos!$C:$C,Partidos!$X$2,Partidos!$D:$D,B10)+SUMIFS(Partidos!$T:$T,Partidos!$C:$C,Partidos!$X$2,Partidos!$E:$E,B10)+SUMIFS(Partidos!$U:$U,Partidos!$C:$C,Partidos!$X$2,Partidos!$F:$F,B10)+SUMIFS(Partidos!$U:$U,Partidos!$C:$C,Partidos!$X$2,Partidos!$G:$G,B10)) -> 0.72 | J10: =IF(B10="","",D10*Partidos!$X$3 + E10*Partidos!$X$4 + I10) -> 14.72 | K10: =IF(B10="","",SUMIFS(Partidos!$N:$N,Partidos!$C:$C,Partidos!$X$2,Partidos!$D:$D,B10)+SUMIFS(Partidos!$N:$N,Partidos!$C:$C,Partidos!$X$2,Partidos!$E:$E,B10)+SUMIFS(Partidos!$O:$O,Partidos!$C:$C,Partidos!$X$2,Partidos!$F:$F,B10)+SUMIFS(Partidos!$O:$O,Partidos!$C:$C,Partidos!$X$2,Partidos!$G:$G,B10)) -> 19 | L10: =IF(B10="","",SUMIFS(Partidos!$O:$O,Partidos!$C:$C,Partidos!$X$2,Partidos!$D:$D,B10)+SUMIFS(Partidos!$O:$O,Partidos!$C:$C,Partidos!$X$2,Partidos!$E:$E,B10)+SUMIFS(Partidos!$N:$N,Partidos!$C:$C,Partidos!$X$2,Partidos!$F:$F,B10)+SUMIFS(Partidos!$N:$N,Partidos!$C:$C,Partidos!$X$2,Partidos!$G:$G,B10)) -> 24 | M10: =IF(B10="","",K10-L10) -> -5
A11: =IF(B11="","",RANK(J11,$J$2:$J$61,0)+COUNTIFS($J$2:$J$61,J11,$H$2:$H$61,">"&H11)+COUNTIFS($J$2:$J$61,J11,$H$2:$H$61,H11,$M$2:$M$61,">"&M11)+COUNTIFS($J$2:$J$61,J11,$H$2:$H$61,H11,$M$2:$M$61,M11,$D$2:$D$61,">"&D11)+COUNTIFS($J$2:$J$61,J11,$H$2:$H$61,H11,$M$2:$M$61,M11,$D$2:$D$61,D11,$B$2:$B$61,">"&B11)) -> 10 | B11: =IF(Jugadores!B16="","",Jugadores!B16) -> Alberto Nunes | C11: =IF(B11="","",COUNTIFS(Partidos!$C:$C,Partidos!$X$2,Partidos!$D:$D,B11)+COUNTIFS(Partidos!$C:$C,Partidos!$X$2,Partidos!$E:$E,B11)+COUNTIFS(Partidos!$C:$C,Partidos!$X$2,Partidos!$F:$F,B11)+COUNTIFS(Partidos!$C:$C,Partidos!$X$2,Partidos!$G:$G,B11)) -> 16 | D11: =IF(B11="","",COUNTIFS(Partidos!$C:$C,Partidos!$X$2,Partidos!$P:$P,"A",Partidos!$D:$D,B11)+COUNTIFS(Partidos!$C:$C,Partidos!$X$2,Partidos!$P:$P,"A",Partidos!$E:$E,B11)+COUNTIFS(Partidos!$C:$C,Partidos!$X$2,Partidos!$P:$P,"B",Partidos!$F:$F,B11)+COUNTIFS(Partidos!$C:$C,Partidos!$X$2,Partidos!$P:$P,"B",Partidos!$G:$G,B11)) -> 6 | E11: =IF(B11="","",C11-D11) -> 10 | F11: =IF(B11="","",SUMIFS(Partidos!$Q:$Q,Partidos!$C:$C,Partidos!$X$2,Partidos!$D:$D,B11)+SUMIFS(Partidos!$Q:$Q,Partidos!$C:$C,Partidos!$X$2,Partidos!$E:$E,B11)+SUMIFS(Partidos!$R:$R,Partidos!$C:$C,Partidos!$X$2,Partidos!$F:$F,B11)+SUMIFS(Partidos!$R:$R,Partidos!$C:$C,Partidos!$X$2,Partidos!$G:$G,B11)) -> 162 | G11: =IF(B11="","",SUMIFS(Partidos!$R:$R,Partidos!$C:$C,Partidos!$X$2,Partidos!$D:$D,B11)+SUMIFS(Partidos!$R:$R,Partidos!$C:$C,Partidos!$X$2,Partidos!$E:$E,B11)+SUMIFS(Partidos!$Q:$Q,Partidos!$C:$C,Partidos!$X$2,Partidos!$F:$F,B11)+SUMIFS(Partidos!$Q:$Q,Partidos!$C:$C,Partidos!$X$2,Partidos!$G:$G,B11)) -> 186 | H11: =IF(B11="","",F11-G11) -> -24 | I11: =IF(B11="","",SUMIFS(Partidos!$T:$T,Partidos!$C:$C,Partidos!$X$2,Partidos!$D:$D,B11)+SUMIFS(Partidos!$T:$T,Partidos!$C:$C,Partidos!$X$2,Partidos!$E:$E,B11)+SUMIFS(Partidos!$U:$U,Partidos!$C:$C,Partidos!$X$2,Partidos!$F:$F,B11)+SUMIFS(Partidos!$U:$U,Partidos!$C:$C,Partidos!$X$2,Partidos!$G:$G,B11)) -> 0.72 | J11: =IF(B11="","",D11*Partidos!$X$3 + E11*Partidos!$X$4 + I11) -> 12.72 | K11: =IF(B11="","",SUMIFS(Partidos!$N:$N,Partidos!$C:$C,Partidos!$X$2,Partidos!$D:$D,B11)+SUMIFS(Partidos!$N:$N,Partidos!$C:$C,Partidos!$X$2,Partidos!$E:$E,B11)+SUMIFS(Partidos!$O:$O,Partidos!$C:$C,Partidos!$X$2,Partidos!$F:$F,B11)+SUMIFS(Partidos!$O:$O,Partidos!$C:$C,Partidos!$X$2,Partidos!$G:$G,B11)) -> 14 | L11: =IF(B11="","",SUMIFS(Partidos!$O:$O,Partidos!$C:$C,Partidos!$X$2,Partidos!$D:$D,B11)+SUMIFS(Partidos!$O:$O,Partidos!$C:$C,Partidos!$X$2,Partidos!$E:$E,B11)+SUMIFS(Partidos!$N:$N,Partidos!$C:$C,Partidos!$X$2,Partidos!$F:$F,B11)+SUMIFS(Partidos!$N:$N,Partidos!$C:$C,Partidos!$X$2,Partidos!$G:$G,B11)) -> 23 | M11: =IF(B11="","",K11-L11) -> -9
A12: =IF(B12="","",RANK(J12,$J$2:$J$61,0)+COUNTIFS($J$2:$J$61,J12,$H$2:$H$61,">"&H12)+COUNTIFS($J$2:$J$61,J12,$H$2:$H$61,H12,$M$2:$M$61,">"&M12)+COUNTIFS($J$2:$J$61,J12,$H$2:$H$61,H12,$M$2:$M$61,M12,$D$2:$D$61,">"&D12)+COUNTIFS($J$2:$J$61,J12,$H$2:$H$61,H12,$M$2:$M$61,M12,$D$2:$D$61,D12,$B$2:$B$61,">"&B12)) -> 11 | B12: =IF(Jugadores!B17="","",Jugadores!B17) -> Yeray Armas | C12: =IF(B12="","",COUNTIFS(Partidos!$C:$C,Partidos!$X$2,Partidos!$D:$D,B12)+COUNTIFS(Partidos!$C:$C,Partidos!$X$2,Partidos!$E:$E,B12)+COUNTIFS(Partidos!$C:$C,Partidos!$X$2,Partidos!$F:$F,B12)+COUNTIFS(Partidos!$C:$C,Partidos!$X$2,Partidos!$G:$G,B12)) -> 32 | D12: =IF(B12="","",COUNTIFS(Partidos!$C:$C,Partidos!$X$2,Partidos!$P:$P,"A",Partidos!$D:$D,B12)+COUNTIFS(Partidos!$C:$C,Partidos!$X$2,Partidos!$P:$P,"A",Partidos!$E:$E,B12)+COUNTIFS(Partidos!$C:$C,Partidos!$X$2,Partidos!$P:$P,"B",Partidos!$F:$F,B12)+COUNTIFS(Partidos!$C:$C,Partidos!$X$2,Partidos!$P:$P,"B",Partidos!$G:$G,B12)) -> 6 | E12: =IF(B12="","",C12-D12) -> 26 | F12: =IF(B12="","",SUMIFS(Partidos!$Q:$Q,Partidos!$C:$C,Partidos!$X$2,Partidos!$D:$D,B12)+SUMIFS(Partidos!$Q:$Q,Partidos!$C:$C,Partidos!$X$2,Partidos!$E:$E,B12)+SUMIFS(Partidos!$R:$R,Partidos!$C:$C,Partidos!$X$2,Partidos!$F:$F,B12)+SUMIFS(Partidos!$R:$R,Partidos!$C:$C,Partidos!$X$2,Partidos!$G:$G,B12)) -> 281 | G12: =IF(B12="","",SUMIFS(Partidos!$R:$R,Partidos!$C:$C,Partidos!$X$2,Partidos!$D:$D,B12)+SUMIFS(Partidos!$R:$R,Partidos!$C:$C,Partidos!$X$2,Partidos!$E:$E,B12)+SUMIFS(Partidos!$Q:$Q,Partidos!$C:$C,Partidos!$X$2,Partidos!$F:$F,B12)+SUMIFS(Partidos!$Q:$Q,Partidos!$C:$C,Partidos!$X$2,Partidos!$G:$G,B12)) -> 414 | H12: =IF(B12="","",F12-G12) -> -133 | I12: =IF(B12="","",SUMIFS(Partidos!$T:$T,Partidos!$C:$C,Partidos!$X$2,Partidos!$D:$D,B12)+SUMIFS(Partidos!$T:$T,Partidos!$C:$C,Partidos!$X$2,Partidos!$E:$E,B12)+SUMIFS(Partidos!$U:$U,Partidos!$C:$C,Partidos!$X$2,Partidos!$F:$F,B12)+SUMIFS(Partidos!$U:$U,Partidos!$C:$C,Partidos!$X$2,Partidos!$G:$G,B12)) -> 0.42 | J12: =IF(B12="","",D12*Partidos!$X$3 + E12*Partidos!$X$4 + I12) -> 12.42 | K12: =IF(B12="","",SUMIFS(Partidos!$N:$N,Partidos!$C:$C,Partidos!$X$2,Partidos!$D:$D,B12)+SUMIFS(Partidos!$N:$N,Partidos!$C:$C,Partidos!$X$2,Partidos!$E:$E,B12)+SUMIFS(Partidos!$O:$O,Partidos!$C:$C,Partidos!$X$2,Partidos!$F:$F,B12)+SUMIFS(Partidos!$O:$O,Partidos!$C:$C,Partidos!$X$2,Partidos!$G:$G,B12)) -> 21 | L12: =IF(B12="","",SUMIFS(Partidos!$O:$O,Partidos!$C:$C,Partidos!$X$2,Partidos!$D:$D,B12)+SUMIFS(Partidos!$O:$O,Partidos!$C:$C,Partidos!$X$2,Partidos!$E:$E,B12)+SUMIFS(Partidos!$N:$N,Partidos!$C:$C,Partidos!$X$2,Partidos!$F:$F,B12)+SUMIFS(Partidos!$N:$N,Partidos!$C:$C,Partidos!$X$2,Partidos!$G:$G,B12)) -> 55 | M12: =IF(B12="","",K12-L12) -> -34
A13: =IF(B13="","",RANK(J13,$J$2:$J$61,0)+COUNTIFS($J$2:$J$61,J13,$H$2:$H$61,">"&H13)+COUNTIFS($J$2:$J$61,J13,$H$2:$H$61,H13,$M$2:$M$61,">"&M13)+COUNTIFS($J$2:$J$61,J13,$H$2:$H$61,H13,$M$2:$M$61,M13,$D$2:$D$61,">"&D13)+COUNTIFS($J$2:$J$61,J13,$H$2:$H$61,H13,$M$2:$M$61,M13,$D$2:$D$61,D13,$B$2:$B$61,">"&B13)) -> 12 | B13: =IF(Jugadores!B8="","",Jugadores!B8) -> Cristo Marrero | C13: =IF(B13="","",COUNTIFS(Partidos!$C:$C,Partidos!$X$2,Partidos!$D:$D,B13)+COUNTIFS(Partidos!$C:$C,Partidos!$X$2,Partidos!$E:$E,B13)+COUNTIFS(Partidos!$C:$C,Partidos!$X$2,Partidos!$F:$F,B13)+COUNTIFS(Partidos!$C:$C,Partidos!$X$2,Partidos!$G:$G,B13)) -> 11 | D13: =IF(B13="","",COUNTIFS(Partidos!$C:$C,Partidos!$X$2,Partidos!$P:$P,"A",Partidos!$D:$D,B13)+COUNTIFS(Partidos!$C:$C,Partidos!$X$2,Partidos!$P:$P,"A",Partidos!$E:$E,B13)+COUNTIFS(Partidos!$C:$C,Partidos!$X$2,Partidos!$P:$P,"B",Partidos!$F:$F,B13)+COUNTIFS(Partidos!$C:$C,Partidos!$X$2,Partidos!$P:$P,"B",Partidos!$G:$G,B13)) -> 5 | E13: =IF(B13="","",C13-D13) -> 6 | F13: =IF(B13="","",SUMIFS(Partidos!$Q:$Q,Partidos!$C:$C,Partidos!$X$2,Partidos!$D:$D,B13)+SUMIFS(Partidos!$Q:$Q,Partidos!$C:$C,Partidos!$X$2,Partidos!$E:$E,B13)+SUMIFS(Partidos!$R:$R,Partidos!$C:$C,Partidos!$X$2,Partidos!$F:$F,B13)+SUMIFS(Partidos!$R:$R,Partidos!$C:$C,Partidos!$X$2,Partidos!$G:$G,B13)) -> 106 | G13: =IF(B13="","",SUMIFS(Partidos!$R:$R,Partidos!$C:$C,Partidos!$X$2,Partidos!$D:$D,B13)+SUMIFS(Partidos!$R:$R,Partidos!$C:$C,Partidos!$X$2,Partidos!$E:$E,B13)+SUMIFS(Partidos!$Q:$Q,Partidos!$C:$C,Partidos!$X$2,Partidos!$F:$F,B13)+SUMIFS(Partidos!$Q:$Q,Partidos!$C:$C,Partidos!$X$2,Partidos!$G:$G,B13)) -> 105 | H13: =IF(B13="","",F13-G13) -> 1 | I13: =IF(B13="","",SUMIFS(Partidos!$T:$T,Partidos!$C:$C,Partidos!$X$2,Partidos!$D:$D,B13)+SUMIFS(Partidos!$T:$T,Partidos!$C:$C,Partidos!$X$2,Partidos!$E:$E,B13)+SUMIFS(Partidos!$U:$U,Partidos!$C:$C,Partidos!$X$2,Partidos!$F:$F,B13)+SUMIFS(Partidos!$U:$U,Partidos!$C:$C,Partidos!$X$2,Partidos!$G:$G,B13)) -> 0.66 | J13: =IF(B13="","",D13*Partidos!$X$3 + E13*Partidos!$X$4 + I13) -> 10.66 | K13: =IF(B13="","",SUMIFS(Partidos!$N:$N,Partidos!$C:$C,Partidos!$X$2,Partidos!$D:$D,B13)+SUMIFS(Partidos!$N:$N,Partidos!$C:$C,Partidos!$X$2,Partidos!$E:$E,B13)+SUMIFS(Partidos!$O:$O,Partidos!$C:$C,Partidos!$X$2,Partidos!$F:$F,B13)+SUMIFS(Partidos!$O:$O,Partidos!$C:$C,Partidos!$X$2,Partidos!$G:$G,B13)) -> 11 | L13: =IF(B13="","",SUMIFS(Partidos!$O:$O,Partidos!$C:$C,Partidos!$X$2,Partidos!$D:$D,B13)+SUMIFS(Partidos!$O:$O,Partidos!$C:$C,Partidos!$X$2,Partidos!$E:$E,B13)+SUMIFS(Partidos!$N:$N,Partidos!$C:$C,Partidos!$X$2,Partidos!$F:$F,B13)+SUMIFS(Partidos!$N:$N,Partidos!$C:$C,Partidos!$X$2,Partidos!$G:$G,B13)) -> 12 | M13: =IF(B13="","",K13-L13) -> -1
A14: =IF(B14="","",RANK(J14,$J$2:$J$61,0)+COUNTIFS($J$2:$J$61,J14,$H$2:$H$61,">"&H14)+COUNTIFS($J$2:$J$61,J14,$H$2:$H$61,H14,$M$2:$M$61,">"&M14)+COUNTIFS($J$2:$J$61,J14,$H$2:$H$61,H14,$M$2:$M$61,M14,$D$2:$D$61,">"&D14)+COUNTIFS($J$2:$J$61,J14,$H$2:$H$61,H14,$M$2:$M$61,M14,$D$2:$D$61,D14,$B$2:$B$61,">"&B14)) -> 13 | B14: =IF(Jugadores!B5="","",Jugadores!B5) -> César Morales | C14: =IF(B14="","",COUNTIFS(Partidos!$C:$C,Partidos!$X$2,Partidos!$D:$D,B14)+COUNTIFS(Partidos!$C:$C,Partidos!$X$2,Partidos!$E:$E,B14)+COUNTIFS(Partidos!$C:$C,Partidos!$X$2,Partidos!$F:$F,B14)+COUNTIFS(Partidos!$C:$C,Partidos!$X$2,Partidos!$G:$G,B14)) -> 6 | D14: =IF(B14="","",COUNTIFS(Partidos!$C:$C,Partidos!$X$2,Partidos!$P:$P,"A",Partidos!$D:$D,B14)+COUNTIFS(Partidos!$C:$C,Partidos!$X$2,Partidos!$P:$P,"A",Partidos!$E:$E,B14)+COUNTIFS(Partidos!$C:$C,Partidos!$X$2,Partidos!$P:$P,"B",Partidos!$F:$F,B14)+COUNTIFS(Partidos!$C:$C,Partidos!$X$2,Partidos!$P:$P,"B",Partidos!$G:$G,B14)) -> 4 | E14: =IF(B14="","",C14-D14) -> 2 | F14: =IF(B14="","",SUMIFS(Partidos!$Q:$Q,Partidos!$C:$C,Partidos!$X$2,Partidos!$D:$D,B14)+SUMIFS(Partidos!$Q:$Q,Partidos!$C:$C,Partidos!$X$2,Partidos!$E:$E,B14)+SUMIFS(Partidos!$R:$R,Partidos!$C:$C,Partidos!$X$2,Partidos!$F:$F,B14)+SUMIFS(Partidos!$R:$R,Partidos!$C:$C,Partidos!$X$2,Partidos!$G:$G,B14)) -> 64 | G14: =IF(B14="","",SUMIFS(Partidos!$R:$R,Partidos!$C:$C,Partidos!$X$2,Partidos!$D:$D,B14)+SUMIFS(Partidos!$R:$R,Partidos!$C:$C,Partidos!$X$2,Partidos!$E:$E,B14)+SUMIFS(Partidos!$Q:$Q,Partidos!$C:$C,Partidos!$X$2,Partidos!$F:$F,B14)+SUMIFS(Partidos!$Q:$Q,Partidos!$C:$C,Partidos!$X$2,Partidos!$G:$G,B14)) -> 44 | H14: =IF(B14="","",F14-G14) -> 20 | I14: =IF(B14="","",SUMIFS(Partidos!$T:$T,Partidos!$C:$C,Partidos!$X$2,Partidos!$D:$D,B14)+SUMIFS(Partidos!$T:$T,Partidos!$C:$C,Partidos!$X$2,Partidos!$E:$E,B14)+SUMIFS(Partidos!$U:$U,Partidos!$C:$C,Partidos!$X$2,Partidos!$F:$F,B14)+SUMIFS(Partidos!$U:$U,Partidos!$C:$C,Partidos!$X$2,Partidos!$G:$G,B14)) -> 0.6 | J14: =IF(B14="","",D14*Partidos!$X$3 + E14*Partidos!$X$4 + I14) -> 8.6 | K14: =IF(B14="","",SUMIFS(Partidos!$N:$N,Partidos!$C:$C,Partidos!$X$2,Partidos!$D:$D,B14)+SUMIFS(Partidos!$N:$N,Partidos!$C:$C,Partidos!$X$2,Partidos!$E:$E,B14)+SUMIFS(Partidos!$O:$O,Partidos!$C:$C,Partidos!$X$2,Partidos!$F:$F,B14)+SUMIFS(Partidos!$O:$O,Partidos!$C:$C,Partidos!$X$2,Partidos!$G:$G,B14)) -> 8 | L14: =IF(B14="","",SUMIFS(Partidos!$O:$O,Partidos!$C:$C,Partidos!$X$2,Partidos!$D:$D,B14)+SUMIFS(Partidos!$O:$O,Partidos!$C:$C,Partidos!$X$2,Partidos!$E:$E,B14)+SUMIFS(Partidos!$N:$N,Partidos!$C:$C,Partidos!$X$2,Partidos!$F:$F,B14)+SUMIFS(Partidos!$N:$N,Partidos!$C:$C,Partidos!$X$2,Partidos!$G:$G,B14)) -> 4 | M14: =IF(B14="","",K14-L14) -> 4
A15: =IF(B15="","",RANK(J15,$J$2:$J$61,0)+COUNTIFS($J$2:$J$61,J15,$H$2:$H$61,">"&H15)+COUNTIFS($J$2:$J$61,J15,$H$2:$H$61,H15,$M$2:$M$61,">"&M15)+COUNTIFS($J$2:$J$61,J15,$H$2:$H$61,H15,$M$2:$M$61,M15,$D$2:$D$61,">"&D15)+COUNTIFS($J$2:$J$61,J15,$H$2:$H$61,H15,$M$2:$M$61,M15,$D$2:$D$61,D15,$B$2:$B$61,">"&B15)) -> 14 | B15: =IF(Jugadores!B4="","",Jugadores!B4) -> José López | C15: =IF(B15="","",COUNTIFS(Partidos!$C:$C,Partidos!$X$2,Partidos!$D:$D,B15)+COUNTIFS(Partidos!$C:$C,Partidos!$X$2,Partidos!$E:$E,B15)+COUNTIFS(Partidos!$C:$C,Partidos!$X$2,Partidos!$F:$F,B15)+COUNTIFS(Partidos!$C:$C,Partidos!$X$2,Partidos!$G:$G,B15)) -> 4 | D15: =IF(B15="","",COUNTIFS(Partidos!$C:$C,Partidos!$X$2,Partidos!$P:$P,"A",Partidos!$D:$D,B15)+COUNTIFS(Partidos!$C:$C,Partidos!$X$2,Partidos!$P:$P,"A",Partidos!$E:$E,B15)+COUNTIFS(Partidos!$C:$C,Partidos!$X$2,Partidos!$P:$P,"B",Partidos!$F:$F,B15)+COUNTIFS(Partidos!$C:$C,Partidos!$X$2,Partidos!$P:$P,"B",Partidos!$G:$G,B15)) -> 4 | E15: =IF(B15="","",C15-D15) -> 0 | F15: =IF(B15="","",SUMIFS(Partidos!$Q:$Q,Partidos!$C:$C,Partidos!$X$2,Partidos!$D:$D,B15)+SUMIFS(Partidos!$Q:$Q,Partidos!$C:$C,Partidos!$X$2,Partidos!$E:$E,B15)+SUMIFS(Partidos!$R:$R,Partidos!$C:$C,Partidos!$X$2,Partidos!$F:$F,B15)+SUMIFS(Partidos!$R:$R,Partidos!$C:$C,Partidos!$X$2,Partidos!$G:$G,B15)) -> 49 | G15: =IF(B15="","",SUMIFS(Partidos!$R:$R,Partidos!$C:$C,Partidos!$X$2,Partidos!$D:$D,B15)+SUMIFS(Partidos!$R:$R,Partidos!$C:$C,Partidos!$X$2,Partidos!$E:$E,B15)+SUMIFS(Partidos!$Q:$Q,Partidos!$C:$C,Partidos!$X$2,Partidos!$F:$F,B15)+SUMIFS(Partidos!$Q:$Q,Partidos!$C:$C,Partidos!$X$2,Partidos!$G:$G,B15)) -> 24 | H15: =IF(B15="","",F15-G15) -> 25 | I15: =IF(B15="","",SUMIFS(Partidos!$T:$T,Partidos!$C:$C,Partidos!$X$2,Partidos!$D:$D,B15)+SUMIFS(Partidos!$T:$T,Partidos!$C:$C,Partidos!$X$2,Partidos!$E:$E,B15)+SUMIFS(Partidos!$U:$U,Partidos!$C:$C,Partidos!$X$2,Partidos!$F:$F,B15)+SUMIFS(Partidos!$U:$U,Partidos!$C:$C,Partidos!$X$2,Partidos!$G:$G,B15)) -> 0.5 | J15: =IF(B15="","",D15*Partidos!$X$3 + E15*Partidos!$X$4 + I15) -> 8.5 | K15: =IF(B15="","",SUMIFS(Partidos!$N:$N,Partidos!$C:$C,Partidos!$X$2,Partidos!$D:$D,B15)+SUMIFS(Partidos!$N:$N,Partidos!$C:$C,Partidos!$X$2,Partidos!$E:$E,B15)+SUMIFS(Partidos!$O:$O,Partidos!$C:$C,Partidos!$X$2,Partidos!$F:$F,B15)+SUMIFS(Partidos!$O:$O,Partidos!$C:$C,Partidos!$X$2,Partidos!$G:$G,B15)) -> 8 | L15: =IF(B15="","",SUMIFS(Partidos!$O:$O,Partidos!$C:$C,Partidos!$X$2,Partidos!$D:$D,B15)+SUMIFS(Partidos!$O:$O,Partidos!$C:$C,Partidos!$X$2,Partidos!$E:$E,B15)+SUMIFS(Partidos!$N:$N,Partidos!$C:$C,Partidos!$X$2,Partidos!$F:$F,B15)+SUMIFS(Partidos!$N:$N,Partidos!$C:$C,Partidos!$X$2,Partidos!$G:$G,B15)) -> 0 | M15: =IF(B15="","",K15-L15) -> 8
A16: =IF(B16="","",RANK(J16,$J$2:$J$61,0)+COUNTIFS($J$2:$J$61,J16,$H$2:$H$61,">"&H16)+COUNTIFS($J$2:$J$61,J16,$H$2:$H$61,H16,$M$2:$M$61,">"&M16)+COUNTIFS($J$2:$J$61,J16,$H$2:$H$61,H16,$M$2:$M$61,M16,$D$2:$D$61,">"&D16)+COUNTIFS($J$2:$J$61,J16,$H$2:$H$61,H16,$M$2:$M$61,M16,$D$2:$D$61,D16,$B$2:$B$61,">"&B16)) -> 15 | B16: =IF(Jugadores!B10="","",Jugadores!B10) -> Wilfredo Santana | C16: =IF(B16="","",COUNTIFS(Partidos!$C:$C,Partidos!$X$2,Partidos!$D:$D,B16)+COUNTIFS(Partidos!$C:$C,Partidos!$X$2,Partidos!$E:$E,B16)+COUNTIFS(Partidos!$C:$C,Partidos!$X$2,Partidos!$F:$F,B16)+COUNTIFS(Partidos!$C:$C,Partidos!$X$2,Partidos!$G:$G,B16)) -> 6 | D16: =IF(B16="","",COUNTIFS(Partidos!$C:$C,Partidos!$X$2,Partidos!$P:$P,"A",Partidos!$D:$D,B16)+COUNTIFS(Partidos!$C:$C,Partidos!$X$2,Partidos!$P:$P,"A",Partidos!$E:$E,B16)+COUNTIFS(Partidos!$C:$C,Partidos!$X$2,Partidos!$P:$P,"B",Partidos!$F:$F,B16)+COUNTIFS(Partidos!$C:$C,Partidos!$X$2,Partidos!$P:$P,"B",Partidos!$G:$G,B16)) -> 1 | E16: =IF(B16="","",C16-D16) -> 5 | F16: =IF(B16="","",SUMIFS(Partidos!$Q:$Q,Partidos!$C:$C,Partidos!$X$2,Partidos!$D:$D,B16)+SUMIFS(Partidos!$Q:$Q,Partidos!$C:$C,Partidos!$X$2,Partidos!$E:$E,B16)+SUMIFS(Partidos!$R:$R,Partidos!$C:$C,Partidos!$X$2,Partidos!$F:$F,B16)+SUMIFS(Partidos!$R:$R,Partidos!$C:$C,Partidos!$X$2,Partidos!$G:$G,B16)) -> 54 | G16: =IF(B16="","",SUMIFS(Partidos!$R:$R,Partidos!$C:$C,Partidos!$X$2,Partidos!$D:$D,B16)+SUMIFS(Partidos!$R:$R,Partidos!$C:$C,Partidos!$X$2,Partidos!$E:$E,B16)+SUMIFS(Partidos!$Q:$Q,Partidos!$C:$C,Partidos!$X$2,Partidos!$F:$F,B16)+SUMIFS(Partidos!$Q:$Q,Partidos!$C:$C,Partidos!$X$2,Partidos!$G:$G,B16)) -> 73 | H16: =IF(B16="","",F16-G16) -> -19 | I16: =IF(B16="","",SUMIFS(Partidos!$T:$T,Partidos!$C:$C,Partidos!$X$2,Partidos!$D:$D,B16)+SUMIFS(Partidos!$T:$T,Partidos!$C:$C,Partidos!$X$2,Partidos!$E:$E,B16)+SUMIFS(Partidos!$U:$U,Partidos!$C:$C,Partidos!$X$2,Partidos!$F:$F,B16)+SUMIFS(Partidos!$U:$U,Partidos!$C:$C,Partidos!$X$2,Partidos!$G:$G,B16)) -> 0.14 | J16: =IF(B16="","",D16*Partidos!$X$3 + E16*Partidos!$X$4 + I16) -> 2.14 | K16: =IF(B16="","",SUMIFS(Partidos!$N:$N,Partidos!$C:$C,Partidos!$X$2,Partidos!$D:$D,B16)+SUMIFS(Partidos!$N:$N,Partidos!$C:$C,Partidos!$X$2,Partidos!$E:$E,B16)+SUMIFS(Partidos!$O:$O,Partidos!$C:$C,Partidos!$X$2,Partidos!$F:$F,B16)+SUMIFS(Partidos!$O:$O,Partidos!$C:$C,Partidos!$X$2,Partidos!$G:$G,B16)) -> 3 | L16: =IF(B16="","",SUMIFS(Partidos!$O:$O,Partidos!$C:$C,Partidos!$X$2,Partidos!$D:$D,B16)+SUMIFS(Partidos!$O:$O,Partidos!$C:$C,Partidos!$X$2,Partidos!$E:$E,B16)+SUMIFS(Partidos!$N:$N,Partidos!$C:$C,Partidos!$X$2,Partidos!$F:$F,B16)+SUMIFS(Partidos!$N:$N,Partidos!$C:$C,Partidos!$X$2,Partidos!$G:$G,B16)) -> 10 | M16: =IF(B16="","",K16-L16) -> -7
A17: =IF(B17="","",RANK(J17,$J$2:$J$61,0)+COUNTIFS($J$2:$J$61,J17,$H$2:$H$61,">"&H17)+COUNTIFS($J$2:$J$61,J17,$H$2:$H$61,H17,$M$2:$M$61,">"&M17)+COUNTIFS($J$2:$J$61,J17,$H$2:$H$61,H17,$M$2:$M$61,M17,$D$2:$D$61,">"&D17)+COUNTIFS($J$2:$J$61,J17,$H$2:$H$61,H17,$M$2:$M$61,M17,$D$2:$D$61,D17,$B$2:$B$61,">"&B17)) -> 16 | B17: =IF(Jugadores!B12="","",Jugadores!B12) -> José Fernando | C17: =IF(B17="","",COUNTIFS(Partidos!$C:$C,Partidos!$X$2,Partidos!$D:$D,B17)+COUNTIFS(Partidos!$C:$C,Partidos!$X$2,Partidos!$E:$E,B17)+COUNTIFS(Partidos!$C:$C,Partidos!$X$2,Partidos!$F:$F,B17)+COUNTIFS(Partidos!$C:$C,Partidos!$X$2,Partidos!$G:$G,B17)) -> 2 | D17: =IF(B17="","",COUNTIFS(Partidos!$C:$C,Partidos!$X$2,Partidos!$P:$P,"A",Partidos!$D:$D,B17)+COUNTIFS(Partidos!$C:$C,Partidos!$X$2,Partidos!$P:$P,"A",Partidos!$E:$E,B17)+COUNTIFS(Partidos!$C:$C,Partidos!$X$2,Partidos!$P:$P,"B",Partidos!$F:$F,B17)+COUNTIFS(Partidos!$C:$C,Partidos!$X$2,Partidos!$P:$P,"B",Partidos!$G:$G,B17)) -> 1 | E17: =IF(B17="","",C17-D17) -> 1 | F17: =IF(B17="","",SUMIFS(Partidos!$Q:$Q,Partidos!$C:$C,Partidos!$X$2,Partidos!$D:$D,B17)+SUMIFS(Partidos!$Q:$Q,Partidos!$C:$C,Partidos!$X$2,Partidos!$E:$E,B17)+SUMIFS(Partidos!$R:$R,Partidos!$C:$C,Partidos!$X$2,Partidos!$F:$F,B17)+SUMIFS(Partidos!$R:$R,Partidos!$C:$C,Partidos!$X$2,Partidos!$G:$G,B17)) -> 23 | G17: =IF(B17="","",SUMIFS(Partidos!$R:$R,Partidos!$C:$C,Partidos!$X$2,Partidos!$D:$D,B17)+SUMIFS(Partidos!$R:$R,Partidos!$C:$C,Partidos!$X$2,Partidos!$E:$E,B17)+SUMIFS(Partidos!$Q:$Q,Partidos!$C:$C,Partidos!$X$2,Partidos!$F:$F,B17)+SUMIFS(Partidos!$Q:$Q,Partidos!$C:$C,Partidos!$X$2,Partidos!$G:$G,B17)) -> 24 | H17: =IF(B17="","",F17-G17) -> -1 | I17: =IF(B17="","",SUMIFS(Partidos!$T:$T,Partidos!$C:$C,Partidos!$X$2,Partidos!$D:$D,B17)+SUMIFS(Partidos!$T:$T,Partidos!$C:$C,Partidos!$X$2,Partidos!$E:$E,B17)+SUMIFS(Partidos!$U:$U,Partidos!$C:$C,Partidos!$X$2,Partidos!$F:$F,B17)+SUMIFS(Partidos!$U:$U,Partidos!$C:$C,Partidos!$X$2,Partidos!$G:$G,B17)) -> 0.08 | J17: =IF(B17="","",D17*Partidos!$X$3 + E17*Partidos!$X$4 + I17) -> 2.08 | K17: =IF(B17="","",SUMIFS(Partidos!$N:$N,Partidos!$C:$C,Partidos!$X$2,Partidos!$D:$D,B17)+SUMIFS(Partidos!$N:$N,Partidos!$C:$C,Partidos!$X$2,Partidos!$E:$E,B17)+SUMIFS(Partidos!$O:$O,Partidos!$C:$C,Partidos!$X$2,Partidos!$F:$F,B17)+SUMIFS(Partidos!$O:$O,Partidos!$C:$C,Partidos!$X$2,Partidos!$G:$G,B17)) -> 2 | L17: =IF(B17="","",SUMIFS(Partidos!$O:$O,Partidos!$C:$C,Partidos!$X$2,Partidos!$D:$D,B17)+SUMIFS(Partidos!$O:$O,Partidos!$C:$C,Partidos!$X$2,Partidos!$E:$E,B17)+SUMIFS(Partidos!$N:$N,Partidos!$C:$C,Partidos!$X$2,Partidos!$F:$F,B17)+SUMIFS(Partidos!$N:$N,Partidos!$C:$C,Partidos!$X$2,Partidos!$G:$G,B17)) -> 3 | M17: =IF(B17="","",K17-L17) -> -1
A18: =IF(B18="","",RANK(J18,$J$2:$J$61,0)+COUNTIFS($J$2:$J$61,J18,$H$2:$H$61,">"&H18)+COUNTIFS($J$2:$J$61,J18,$H$2:$H$61,H18,$M$2:$M$61,">"&M18)+COUNTIFS($J$2:$J$61,J18,$H$2:$H$61,H18,$M$2:$M$61,M18,$D$2:$D$61,">"&D18)+COUNTIFS($J$2:$J$61,J18,$H$2:$H$61,H18,$M$2:$M$61,M18,$D$2:$D$61,D18,$B$2:$B$61,">"&B18)) | B18: =IF(Jugadores!B18="","",Jugadores!B18) | C18: =IF(B18="","",COUNTIFS(Partidos!$C:$C,Partidos!$X$2,Partidos!$D:$D,B18)+COUNTIFS(Partidos!$C:$C,Partidos!$X$2,Partidos!$E:$E,B18)+COUNTIFS(Partidos!$C:$C,Partidos!$X$2,Partidos!$F:$F,B18)+COUNTIFS(Partidos!$C:$C,Partidos!$X$2,Partidos!$G:$G,B18)) | D18: =IF(B18="","",COUNTIFS(Partidos!$C:$C,Partidos!$X$2,Partidos!$P:$P,"A",Partidos!$D:$D,B18)+COUNTIFS(Partidos!$C:$C,Partidos!$X$2,Partidos!$P:$P,"A",Partidos!$E:$E,B18)+COUNTIFS(Partidos!$C:$C,Partidos!$X$2,Partidos!$P:$P,"B",Partidos!$F:$F,B18)+COUNTIFS(Partidos!$C:$C,Partidos!$X$2,Partidos!$P:$P,"B",Partidos!$G:$G,B18)) | E18: =IF(B18="","",C18-D18) | F18: =IF(B18="","",SUMIFS(Partidos!$Q:$Q,Partidos!$C:$C,Partidos!$X$2,Partidos!$D:$D,B18)+SUMIFS(Partidos!$Q:$Q,Partidos!$C:$C,Partidos!$X$2,Partidos!$E:$E,B18)+SUMIFS(Partidos!$R:$R,Partidos!$C:$C,Partidos!$X$2,Partidos!$F:$F,B18)+SUMIFS(Partidos!$R:$R,Partidos!$C:$C,Partidos!$X$2,Partidos!$G:$G,B18)) | G18: =IF(B18="","",SUMIFS(Partidos!$R:$R,Partidos!$C:$C,Partidos!$X$2,Partidos!$D:$D,B18)+SUMIFS(Partidos!$R:$R,Partidos!$C:$C,Partidos!$X$2,Partidos!$E:$E,B18)+SUMIFS(Partidos!$Q:$Q,Partidos!$C:$C,Partidos!$X$2,Partidos!$F:$F,B18)+SUMIFS(Partidos!$Q:$Q,Partidos!$C:$C,Partidos!$X$2,Partidos!$G:$G,B18)) | H18: =IF(B18="","",F18-G18) | I18: =IF(B18="","",SUMIFS(Partidos!$T:$T,Partidos!$C:$C,Partidos!$X$2,Partidos!$D:$D,B18)+SUMIFS(Partidos!$T:$T,Partidos!$C:$C,Partidos!$X$2,Partidos!$E:$E,B18)+SUMIFS(Partidos!$U:$U,Partidos!$C:$C,Partidos!$X$2,Partidos!$F:$F,B18)+SUMIFS(Partidos!$U:$U,Partidos!$C:$C,Partidos!$X$2,Partidos!$G:$G,B18)) | J18: =IF(B18="","",D18*Partidos!$X$3 + E18*Partidos!$X$4 + I18) | K18: =IF(B18="","",SUMIFS(Partidos!$N:$N,Partidos!$C:$C,Partidos!$X$2,Partidos!$D:$D,B18)+SUMIFS(Partidos!$N:$N,Partidos!$C:$C,Partidos!$X$2,Partidos!$E:$E,B18)+SUMIFS(Partidos!$O:$O,Partidos!$C:$C,Partidos!$X$2,Partidos!$F:$F,B18)+SUMIFS(Partidos!$O:$O,Partidos!$C:$C,Partidos!$X$2,Partidos!$G:$G,B18)) | L18: =IF(B18="","",SUMIFS(Partidos!$O:$O,Partidos!$C:$C,Partidos!$X$2,Partidos!$D:$D,B18)+SUMIFS(Partidos!$O:$O,Partidos!$C:$C,Partidos!$X$2,Partidos!$E:$E,B18)+SUMIFS(Partidos!$N:$N,Partidos!$C:$C,Partidos!$X$2,Partidos!$F:$F,B18)+SUMIFS(Partidos!$N:$N,Partidos!$C:$C,Partidos!$X$2,Partidos!$G:$G,B18)) | M18: =IF(B18="","",K18-L18)
A19: =IF(B19="","",RANK(J19,$J$2:$J$61,0)+COUNTIFS($J$2:$J$61,J19,$H$2:$H$61,">"&H19)+COUNTIFS($J$2:$J$61,J19,$H$2:$H$61,H19,$M$2:$M$61,">"&M19)+COUNTIFS($J$2:$J$61,J19,$H$2:$H$61,H19,$M$2:$M$61,M19,$D$2:$D$61,">"&D19)+COUNTIFS($J$2:$J$61,J19,$H$2:$H$61,H19,$M$2:$M$61,M19,$D$2:$D$61,D19,$B$2:$B$61,">"&B19)) | B19: =IF(Jugadores!B19="","",Jugadores!B19) | C19: =IF(B19="","",COUNTIFS(Partidos!$C:$C,Partidos!$X$2,Partidos!$D:$D,B19)+COUNTIFS(Partidos!$C:$C,Partidos!$X$2,Partidos!$E:$E,B19)+COUNTIFS(Partidos!$C:$C,Partidos!$X$2,Partidos!$F:$F,B19)+COUNTIFS(Partidos!$C:$C,Partidos!$X$2,Partidos!$G:$G,B19)) | D19: =IF(B19="","",COUNTIFS(Partidos!$C:$C,Partidos!$X$2,Partidos!$P:$P,"A",Partidos!$D:$D,B19)+COUNTIFS(Partidos!$C:$C,Partidos!$X$2,Partidos!$P:$P,"A",Partidos!$E:$E,B19)+COUNTIFS(Partidos!$C:$C,Partidos!$X$2,Partidos!$P:$P,"B",Partidos!$F:$F,B19)+COUNTIFS(Partidos!$C:$C,Partidos!$X$2,Partidos!$P:$P,"B",Partidos!$G:$G,B19)) | E19: =IF(B19="","",C19-D19) | F19: =IF(B19="","",SUMIFS(Partidos!$Q:$Q,Partidos!$C:$C,Partidos!$X$2,Partidos!$D:$D,B19)+SUMIFS(Partidos!$Q:$Q,Partidos!$C:$C,Partidos!$X$2,Partidos!$E:$E,B19)+SUMIFS(Partidos!$R:$R,Partidos!$C:$C,Partidos!$X$2,Partidos!$F:$F,B19)+SUMIFS(Partidos!$R:$R,Partidos!$C:$C,Partidos!$X$2,Partidos!$G:$G,B19)) | G19: =IF(B19="","",SUMIFS(Partidos!$R:$R,Partidos!$C:$C,Partidos!$X$2,Partidos!$D:$D,B19)+SUMIFS(Partidos!$R:$R,Partidos!$C:$C,Partidos!$X$2,Partidos!$E:$E,B19)+SUMIFS(Partidos!$Q:$Q,Partidos!$C:$C,Partidos!$X$2,Partidos!$F:$F,B19)+SUMIFS(Partidos!$Q:$Q,Partidos!$C:$C,Partidos!$X$2,Partidos!$G:$G,B19)) | H19: =IF(B19="","",F19-G19) | I19: =IF(B19="","",SUMIFS(Partidos!$T:$T,Partidos!$C:$C,Partidos!$X$2,Partidos!$D:$D,B19)+SUMIFS(Partidos!$T:$T,Partidos!$C:$C,Partidos!$X$2,Partidos!$E:$E,B19)+SUMIFS(Partidos!$U:$U,Partidos!$C:$C,Partidos!$X$2,Partidos!$F:$F,B19)+SUMIFS(Partidos!$U:$U,Partidos!$C:$C,Partidos!$X$2,Partidos!$G:$G,B19)) | J19: =IF(B19="","",D19*Partidos!$X$3 + E19*Partidos!$X$4 + I19) | K19: =IF(B19="","",SUMIFS(Partidos!$N:$N,Partidos!$C:$C,Partidos!$X$2,Partidos!$D:$D,B19)+SUMIFS(Partidos!$N:$N,Partidos!$C:$C,Partidos!$X$2,Partidos!$E:$E,B19)+SUMIFS(Partidos!$O:$O,Partidos!$C:$C,Partidos!$X$2,Partidos!$F:$F,B19)+SUMIFS(Partidos!$O:$O,Partidos!$C:$C,Partidos!$X$2,Partidos!$G:$G,B19)) | L19: =IF(B19="","",SUMIFS(Partidos!$O:$O,Partidos!$C:$C,Partidos!$X$2,Partidos!$D:$D,B19)+SUMIFS(Partidos!$O:$O,Partidos!$C:$C,Partidos!$X$2,Partidos!$E:$E,B19)+SUMIFS(Partidos!$N:$N,Partidos!$C:$C,Partidos!$X$2,Partidos!$F:$F,B19)+SUMIFS(Partidos!$N:$N,Partidos!$C:$C,Partidos!$X$2,Partidos!$G:$G,B19)) | M19: =IF(B19="","",K19-L19)
A20: =IF(B20="","",RANK(J20,$J$2:$J$61,0)+COUNTIFS($J$2:$J$61,J20,$H$2:$H$61,">"&H20)+COUNTIFS($J$2:$J$61,J20,$H$2:$H$61,H20,$M$2:$M$61,">"&M20)+COUNTIFS($J$2:$J$61,J20,$H$2:$H$61,H20,$M$2:$M$61,M20,$D$2:$D$61,">"&D20)+COUNTIFS($J$2:$J$61,J20,$H$2:$H$61,H20,$M$2:$M$61,M20,$D$2:$D$61,D20,$B$2:$B$61,">"&B20)) | B20: =IF(Jugadores!B20="","",Jugadores!B20) | C20: =IF(B20="","",COUNTIFS(Partidos!$C:$C,Partidos!$X$2,Partidos!$D:$D,B20)+COUNTIFS(Partidos!$C:$C,Partidos!$X$2,Partidos!$E:$E,B20)+COUNTIFS(Partidos!$C:$C,Partidos!$X$2,Partidos!$F:$F,B20)+COUNTIFS(Partidos!$C:$C,Partidos!$X$2,Partidos!$G:$G,B20)) | D20: =IF(B20="","",COUNTIFS(Partidos!$C:$C,Partidos!$X$2,Partidos!$P:$P,"A",Partidos!$D:$D,B20)+COUNTIFS(Partidos!$C:$C,Partidos!$X$2,Partidos!$P:$P,"A",Partidos!$E:$E,B20)+COUNTIFS(Partidos!$C:$C,Partidos!$X$2,Partidos!$P:$P,"B",Partidos!$F:$F,B20)+COUNTIFS(Partidos!$C:$C,Partidos!$X$2,Partidos!$P:$P,"B",Partidos!$G:$G,B20)) | E20: =IF(B20="","",C20-D20) | F20: =IF(B20="","",SUMIFS(Partidos!$Q:$Q,Partidos!$C:$C,Partidos!$X$2,Partidos!$D:$D,B20)+SUMIFS(Partidos!$Q:$Q,Partidos!$C:$C,Partidos!$X$2,Partidos!$E:$E,B20)+SUMIFS(Partidos!$R:$R,Partidos!$C:$C,Partidos!$X$2,Partidos!$F:$F,B20)+SUMIFS(Partidos!$R:$R,Partidos!$C:$C,Partidos!$X$2,Partidos!$G:$G,B20)) | G20: =IF(B20="","",SUMIFS(Partidos!$R:$R,Partidos!$C:$C,Partidos!$X$2,Partidos!$D:$D,B20)+SUMIFS(Partidos!$R:$R,Partidos!$C:$C,Partidos!$X$2,Partidos!$E:$E,B20)+SUMIFS(Partidos!$Q:$Q,Partidos!$C:$C,Partidos!$X$2,Partidos!$F:$F,B20)+SUMIFS(Partidos!$Q:$Q,Partidos!$C:$C,Partidos!$X$2,Partidos!$G:$G,B20)) | H20: =IF(B20="","",F20-G20) | I20: =IF(B20="","",SUMIFS(Partidos!$T:$T,Partidos!$C:$C,Partidos!$X$2,Partidos!$D:$D,B20)+SUMIFS(Partidos!$T:$T,Partidos!$C:$C,Partidos!$X$2,Partidos!$E:$E,B20)+SUMIFS(Partidos!$U:$U,Partidos!$C:$C,Partidos!$X$2,Partidos!$F:$F,B20)+SUMIFS(Partidos!$U:$U,Partidos!$C:$C,Partidos!$X$2,Partidos!$G:$G,B20)) | J20: =IF(B20="","",D20*Partidos!$X$3 + E20*Partidos!$X$4 + I20) | K20: =IF(B20="","",SUMIFS(Partidos!$N:$N,Partidos!$C:$C,Partidos!$X$2,Partidos!$D:$D,B20)+SUMIFS(Partidos!$N:$N,Partidos!$C:$C,Partidos!$X$2,Partidos!$E:$E,B20)+SUMIFS(Partidos!$O:$O,Partidos!$C:$C,Partidos!$X$2,Partidos!$F:$F,B20)+SUMIFS(Partidos!$O:$O,Partidos!$C:$C,Partidos!$X$2,Partidos!$G:$G,B20)) | L20: =IF(B20="","",SUMIFS(Partidos!$O:$O,Partidos!$C:$C,Partidos!$X$2,Partidos!$D:$D,B20)+SUMIFS(Partidos!$O:$O,Partidos!$C:$C,Partidos!$X$2,Partidos!$E:$E,B20)+SUMIFS(Partidos!$N:$N,Partidos!$C:$C,Partidos!$X$2,Partidos!$F:$F,B20)+SUMIFS(Partidos!$N:$N,Partidos!$C:$C,Partidos!$X$2,Partidos!$G:$G,B20)) | M20: =IF(B20="","",K20-L20)
A21: =IF(B21="","",RANK(J21,$J$2:$J$61,0)+COUNTIFS($J$2:$J$61,J21,$H$2:$H$61,">"&H21)+COUNTIFS($J$2:$J$61,J21,$H$2:$H$61,H21,$M$2:$M$61,">"&M21)+COUNTIFS($J$2:$J$61,J21,$H$2:$H$61,H21,$M$2:$M$61,M21,$D$2:$D$61,">"&D21)+COUNTIFS($J$2:$J$61,J21,$H$2:$H$61,H21,$M$2:$M$61,M21,$D$2:$D$61,D21,$B$2:$B$61,">"&B21)) | B21: =IF(Jugadores!B21="","",Jugadores!B21) | C21: =IF(B21="","",COUNTIFS(Partidos!$C:$C,Partidos!$X$2,Partidos!$D:$D,B21)+COUNTIFS(Partidos!$C:$C,Partidos!$X$2,Partidos!$E:$E,B21)+COUNTIFS(Partidos!$C:$C,Partidos!$X$2,Partidos!$F:$F,B21)+COUNTIFS(Partidos!$C:$C,Partidos!$X$2,Partidos!$G:$G,B21)) | D21: =IF(B21="","",COUNTIFS(Partidos!$C:$C,Partidos!$X$2,Partidos!$P:$P,"A",Partidos!$D:$D,B21)+COUNTIFS(Partidos!$C:$C,Partidos!$X$2,Partidos!$P:$P,"A",Partidos!$E:$E,B21)+COUNTIFS(Partidos!$C:$C,Partidos!$X$2,Partidos!$P:$P,"B",Partidos!$F:$F,B21)+COUNTIFS(Partidos!$C:$C,Partidos!$X$2,Partidos!$P:$P,"B",Partidos!$G:$G,B21)) | E21: =IF(B21="","",C21-D21) | F21: =IF(B21="","",SUMIFS(Partidos!$Q:$Q,Partidos!$C:$C,Partidos!$X$2,Partidos!$D:$D,B21)+SUMIFS(Partidos!$Q:$Q,Partidos!$C:$C,Partidos!$X$2,Partidos!$E:$E,B21)+SUMIFS(Partidos!$R:$R,Partidos!$C:$C,Partidos!$X$2,Partidos!$F:$F,B21)+SUMIFS(Partidos!$R:$R,Partidos!$C:$C,Partidos!$X$2,Partidos!$G:$G,B21)) | G21: =IF(B21="","",SUMIFS(Partidos!$R:$R,Partidos!$C:$C,Partidos!$X$2,Partidos!$D:$D,B21)+SUMIFS(Partidos!$R:$R,Partidos!$C:$C,Partidos!$X$2,Partidos!$E:$E,B21)+SUMIFS(Partidos!$Q:$Q,Partidos!$C:$C,Partidos!$X$2,Partidos!$F:$F,B21)+SUMIFS(Partidos!$Q:$Q,Partidos!$C:$C,Partidos!$X$2,Partidos!$G:$G,B21)) | H21: =IF(B21="","",F21-G21) | I21: =IF(B21="","",SUMIFS(Partidos!$T:$T,Partidos!$C:$C,Partidos!$X$2,Partidos!$D:$D,B21)+SUMIFS(Partidos!$T:$T,Partidos!$C:$C,Partidos!$X$2,Partidos!$E:$E,B21)+SUMIFS(Partidos!$U:$U,Partidos!$C:$C,Partidos!$X$2,Partidos!$F:$F,B21)+SUMIFS(Partidos!$U:$U,Partidos!$C:$C,Partidos!$X$2,Partidos!$G:$G,B21)) | J21: =IF(B21="","",D21*Partidos!$X$3 + E21*Partidos!$X$4 + I21) | K21: =IF(B21="","",SUMIFS(Partidos!$N:$N,Partidos!$C:$C,Partidos!$X$2,Partidos!$D:$D,B21)+SUMIFS(Partidos!$N:$N,Partidos!$C:$C,Partidos!$X$2,Partidos!$E:$E,B21)+SUMIFS(Partidos!$O:$O,Partidos!$C:$C,Partidos!$X$2,Partidos!$F:$F,B21)+SUMIFS(Partidos!$O:$O,Partidos!$C:$C,Partidos!$X$2,Partidos!$G:$G,B21)) | L21: =IF(B21="","",SUMIFS(Partidos!$O:$O,Partidos!$C:$C,Partidos!$X$2,Partidos!$D:$D,B21)+SUMIFS(Partidos!$O:$O,Partidos!$C:$C,Partidos!$X$2,Partidos!$E:$E,B21)+SUMIFS(Partidos!$N:$N,Partidos!$C:$C,Partidos!$X$2,Partidos!$F:$F,B21)+SUMIFS(Partidos!$N:$N,Partidos!$C:$C,Partidos!$X$2,Partidos!$G:$G,B21)) | M21: =IF(B21="","",K21-L21)
A22: =IF(B22="","",RANK(J22,$J$2:$J$61,0)+COUNTIFS($J$2:$J$61,J22,$H$2:$H$61,">"&H22)+COUNTIFS($J$2:$J$61,J22,$H$2:$H$61,H22,$M$2:$M$61,">"&M22)+COUNTIFS($J$2:$J$61,J22,$H$2:$H$61,H22,$M$2:$M$61,M22,$D$2:$D$61,">"&D22)+COUNTIFS($J$2:$J$61,J22,$H$2:$H$61,H22,$M$2:$M$61,M22,$D$2:$D$61,D22,$B$2:$B$61,">"&B22)) | B22: =IF(Jugadores!B22="","",Jugadores!B22) | C22: =IF(B22="","",COUNTIFS(Partidos!$C:$C,Partidos!$X$2,Partidos!$D:$D,B22)+COUNTIFS(Partidos!$C:$C,Partidos!$X$2,Partidos!$E:$E,B22)+COUNTIFS(Partidos!$C:$C,Partidos!$X$2,Partidos!$F:$F,B22)+COUNTIFS(Partidos!$C:$C,Partidos!$X$2,Partidos!$G:$G,B22)) | D22: =IF(B22="","",COUNTIFS(Partidos!$C:$C,Partidos!$X$2,Partidos!$P:$P,"A",Partidos!$D:$D,B22)+COUNTIFS(Partidos!$C:$C,Partidos!$X$2,Partidos!$P:$P,"A",Partidos!$E:$E,B22)+COUNTIFS(Partidos!$C:$C,Partidos!$X$2,Partidos!$P:$P,"B",Partidos!$F:$F,B22)+COUNTIFS(Partidos!$C:$C,Partidos!$X$2,Partidos!$P:$P,"B",Partidos!$G:$G,B22)) | E22: =IF(B22="","",C22-D22) | F22: =IF(B22="","",SUMIFS(Partidos!$Q:$Q,Partidos!$C:$C,Partidos!$X$2,Partidos!$D:$D,B22)+SUMIFS(Partidos!$Q:$Q,Partidos!$C:$C,Partidos!$X$2,Partidos!$E:$E,B22)+SUMIFS(Partidos!$R:$R,Partidos!$C:$C,Partidos!$X$2,Partidos!$F:$F,B22)+SUMIFS(Partidos!$R:$R,Partidos!$C:$C,Partidos!$X$2,Partidos!$G:$G,B22)) | G22: =IF(B22="","",SUMIFS(Partidos!$R:$R,Partidos!$C:$C,Partidos!$X$2,Partidos!$D:$D,B22)+SUMIFS(Partidos!$R:$R,Partidos!$C:$C,Partidos!$X$2,Partidos!$E:$E,B22)+SUMIFS(Partidos!$Q:$Q,Partidos!$C:$C,Partidos!$X$2,Partidos!$F:$F,B22)+SUMIFS(Partidos!$Q:$Q,Partidos!$C:$C,Partidos!$X$2,Partidos!$G:$G,B22)) | H22: =IF(B22="","",F22-G22) | I22: =IF(B22="","",SUMIFS(Partidos!$T:$T,Partidos!$C:$C,Partidos!$X$2,Partidos!$D:$D,B22)+SUMIFS(Partidos!$T:$T,Partidos!$C:$C,Partidos!$X$2,Partidos!$E:$E,B22)+SUMIFS(Partidos!$U:$U,Partidos!$C:$C,Partidos!$X$2,Partidos!$F:$F,B22)+SUMIFS(Partidos!$U:$U,Partidos!$C:$C,Partidos!$X$2,Partidos!$G:$G,B22)) | J22: =IF(B22="","",D22*Partidos!$X$3 + E22*Partidos!$X$4 + I22) | K22: =IF(B22="","",SUMIFS(Partidos!$N:$N,Partidos!$C:$C,Partidos!$X$2,Partidos!$D:$D,B22)+SUMIFS(Partidos!$N:$N,Partidos!$C:$C,Partidos!$X$2,Partidos!$E:$E,B22)+SUMIFS(Partidos!$O:$O,Partidos!$C:$C,Partidos!$X$2,Partidos!$F:$F,B22)+SUMIFS(Partidos!$O:$O,Partidos!$C:$C,Partidos!$X$2,Partidos!$G:$G,B22)) | L22: =IF(B22="","",SUMIFS(Partidos!$O:$O,Partidos!$C:$C,Partidos!$X$2,Partidos!$D:$D,B22)+SUMIFS(Partidos!$O:$O,Partidos!$C:$C,Partidos!$X$2,Partidos!$E:$E,B22)+SUMIFS(Partidos!$N:$N,Partidos!$C:$C,Partidos!$X$2,Partidos!$F:$F,B22)+SUMIFS(Partidos!$N:$N,Partidos!$C:$C,Partidos!$X$2,Partidos!$G:$G,B22)) | M22: =IF(B22="","",K22-L22)
A23: =IF(B23="","",RANK(J23,$J$2:$J$61,0)+COUNTIFS($J$2:$J$61,J23,$H$2:$H$61,">"&H23)+COUNTIFS($J$2:$J$61,J23,$H$2:$H$61,H23,$M$2:$M$61,">"&M23)+COUNTIFS($J$2:$J$61,J23,$H$2:$H$61,H23,$M$2:$M$61,M23,$D$2:$D$61,">"&D23)+COUNTIFS($J$2:$J$61,J23,$H$2:$H$61,H23,$M$2:$M$61,M23,$D$2:$D$61,D23,$B$2:$B$61,">"&B23)) | B23: =IF(Jugadores!B23="","",Jugadores!B23) | C23: =IF(B23="","",COUNTIFS(Partidos!$C:$C,Partidos!$X$2,Partidos!$D:$D,B23)+COUNTIFS(Partidos!$C:$C,Partidos!$X$2,Partidos!$E:$E,B23)+COUNTIFS(Partidos!$C:$C,Partidos!$X$2,Partidos!$F:$F,B23)+COUNTIFS(Partidos!$C:$C,Partidos!$X$2,Partidos!$G:$G,B23)) | D23: =IF(B23="","",COUNTIFS(Partidos!$C:$C,Partidos!$X$2,Partidos!$P:$P,"A",Partidos!$D:$D,B23)+COUNTIFS(Partidos!$C:$C,Partidos!$X$2,Partidos!$P:$P,"A",Partidos!$E:$E,B23)+COUNTIFS(Partidos!$C:$C,Partidos!$X$2,Partidos!$P:$P,"B",Partidos!$F:$F,B23)+COUNTIFS(Partidos!$C:$C,Partidos!$X$2,Partidos!$P:$P,"B",Partidos!$G:$G,B23)) | E23: =IF(B23="","",C23-D23) | F23: =IF(B23="","",SUMIFS(Partidos!$Q:$Q,Partidos!$C:$C,Partidos!$X$2,Partidos!$D:$D,B23)+SUMIFS(Partidos!$Q:$Q,Partidos!$C:$C,Partidos!$X$2,Partidos!$E:$E,B23)+SUMIFS(Partidos!$R:$R,Partidos!$C:$C,Partidos!$X$2,Partidos!$F:$F,B23)+SUMIFS(Partidos!$R:$R,Partidos!$C:$C,Partidos!$X$2,Partidos!$G:$G,B23)) | G23: =IF(B23="","",SUMIFS(Partidos!$R:$R,Partidos!$C:$C,Partidos!$X$2,Partidos!$D:$D,B23)+SUMIFS(Partidos!$R:$R,Partidos!$C:$C,Partidos!$X$2,Partidos!$E:$E,B23)+SUMIFS(Partidos!$Q:$Q,Partidos!$C:$C,Partidos!$X$2,Partidos!$F:$F,B23)+SUMIFS(Partidos!$Q:$Q,Partidos!$C:$C,Partidos!$X$2,Partidos!$G:$G,B23)) | H23: =IF(B23="","",F23-G23) | I23: =IF(B23="","",SUMIFS(Partidos!$T:$T,Partidos!$C:$C,Partidos!$X$2,Partidos!$D:$D,B23)+SUMIFS(Partidos!$T:$T,Partidos!$C:$C,Partidos!$X$2,Partidos!$E:$E,B23)+SUMIFS(Partidos!$U:$U,Partidos!$C:$C,Partidos!$X$2,Partidos!$F:$F,B23)+SUMIFS(Partidos!$U:$U,Partidos!$C:$C,Partidos!$X$2,Partidos!$G:$G,B23)) | J23: =IF(B23="","",D23*Partidos!$X$3 + E23*Partidos!$X$4 + I23) | K23: =IF(B23="","",SUMIFS(Partidos!$N:$N,Partidos!$C:$C,Partidos!$X$2,Partidos!$D:$D,B23)+SUMIFS(Partidos!$N:$N,Partidos!$C:$C,Partidos!$X$2,Partidos!$E:$E,B23)+SUMIFS(Partidos!$O:$O,Partidos!$C:$C,Partidos!$X$2,Partidos!$F:$F,B23)+SUMIFS(Partidos!$O:$O,Partidos!$C:$C,Partidos!$X$2,Partidos!$G:$G,B23)) | L23: =IF(B23="","",SUMIFS(Partidos!$O:$O,Partidos!$C:$C,Partidos!$X$2,Partidos!$D:$D,B23)+SUMIFS(Partidos!$O:$O,Partidos!$C:$C,Partidos!$X$2,Partidos!$E:$E,B23)+SUMIFS(Partidos!$N:$N,Partidos!$C:$C,Partidos!$X$2,Partidos!$F:$F,B23)+SUMIFS(Partidos!$N:$N,Partidos!$C:$C,Partidos!$X$2,Partidos!$G:$G,B23)) | M23: =IF(B23="","",K23-L23)
A24: =IF(B24="","",RANK(J24,$J$2:$J$61,0)+COUNTIFS($J$2:$J$61,J24,$H$2:$H$61,">"&H24)+COUNTIFS($J$2:$J$61,J24,$H$2:$H$61,H24,$M$2:$M$61,">"&M24)+COUNTIFS($J$2:$J$61,J24,$H$2:$H$61,H24,$M$2:$M$61,M24,$D$2:$D$61,">"&D24)+COUNTIFS($J$2:$J$61,J24,$H$2:$H$61,H24,$M$2:$M$61,M24,$D$2:$D$61,D24,$B$2:$B$61,">"&B24)) | B24: =IF(Jugadores!B24="","",Jugadores!B24) | C24: =IF(B24="","",COUNTIFS(Partidos!$C:$C,Partidos!$X$2,Partidos!$D:$D,B24)+COUNTIFS(Partidos!$C:$C,Partidos!$X$2,Partidos!$E:$E,B24)+COUNTIFS(Partidos!$C:$C,Partidos!$X$2,Partidos!$F:$F,B24)+COUNTIFS(Partidos!$C:$C,Partidos!$X$2,Partidos!$G:$G,B24)) | D24: =IF(B24="","",COUNTIFS(Partidos!$C:$C,Partidos!$X$2,Partidos!$P:$P,"A",Partidos!$D:$D,B24)+COUNTIFS(Partidos!$C:$C,Partidos!$X$2,Partidos!$P:$P,"A",Partidos!$E:$E,B24)+COUNTIFS(Partidos!$C:$C,Partidos!$X$2,Partidos!$P:$P,"B",Partidos!$F:$F,B24)+COUNTIFS(Partidos!$C:$C,Partidos!$X$2,Partidos!$P:$P,"B",Partidos!$G:$G,B24)) | E24: =IF(B24="","",C24-D24) | F24: =IF(B24="","",SUMIFS(Partidos!$Q:$Q,Partidos!$C:$C,Partidos!$X$2,Partidos!$D:$D,B24)+SUMIFS(Partidos!$Q:$Q,Partidos!$C:$C,Partidos!$X$2,Partidos!$E:$E,B24)+SUMIFS(Partidos!$R:$R,Partidos!$C:$C,Partidos!$X$2,Partidos!$F:$F,B24)+SUMIFS(Partidos!$R:$R,Partidos!$C:$C,Partidos!$X$2,Partidos!$G:$G,B24)) | G24: =IF(B24="","",SUMIFS(Partidos!$R:$R,Partidos!$C:$C,Partidos!$X$2,Partidos!$D:$D,B24)+SUMIFS(Partidos!$R:$R,Partidos!$C:$C,Partidos!$X$2,Partidos!$E:$E,B24)+SUMIFS(Partidos!$Q:$Q,Partidos!$C:$C,Partidos!$X$2,Partidos!$F:$F,B24)+SUMIFS(Partidos!$Q:$Q,Partidos!$C:$C,Partidos!$X$2,Partidos!$G:$G,B24)) | H24: =IF(B24="","",F24-G24) | I24: =IF(B24="","",SUMIFS(Partidos!$T:$T,Partidos!$C:$C,Partidos!$X$2,Partidos!$D:$D,B24)+SUMIFS(Partidos!$T:$T,Partidos!$C:$C,Partidos!$X$2,Partidos!$E:$E,B24)+SUMIFS(Partidos!$U:$U,Partidos!$C:$C,Partidos!$X$2,Partidos!$F:$F,B24)+SUMIFS(Partidos!$U:$U,Partidos!$C:$C,Partidos!$X$2,Partidos!$G:$G,B24)) | J24: =IF(B24="","",D24*Partidos!$X$3 + E24*Partidos!$X$4 + I24) | K24: =IF(B24="","",SUMIFS(Partidos!$N:$N,Partidos!$C:$C,Partidos!$X$2,Partidos!$D:$D,B24)+SUMIFS(Partidos!$N:$N,Partidos!$C:$C,Partidos!$X$2,Partidos!$E:$E,B24)+SUMIFS(Partidos!$O:$O,Partidos!$C:$C,Partidos!$X$2,Partidos!$F:$F,B24)+SUMIFS(Partidos!$O:$O,Partidos!$C:$C,Partidos!$X$2,Partidos!$G:$G,B24)) | L24: =IF(B24="","",SUMIFS(Partidos!$O:$O,Partidos!$C:$C,Partidos!$X$2,Partidos!$D:$D,B24)+SUMIFS(Partidos!$O:$O,Partidos!$C:$C,Partidos!$X$2,Partidos!$E:$E,B24)+SUMIFS(Partidos!$N:$N,Partidos!$C:$C,Partidos!$X$2,Partidos!$F:$F,B24)+SUMIFS(Partidos!$N:$N,Partidos!$C:$C,Partidos!$X$2,Partidos!$G:$G,B24)) | M24: =IF(B24="","",K24-L24)
A25: =IF(B25="","",RANK(J25,$J$2:$J$61,0)+COUNTIFS($J$2:$J$61,J25,$H$2:$H$61,">"&H25)+COUNTIFS($J$2:$J$61,J25,$H$2:$H$61,H25,$M$2:$M$61,">"&M25)+COUNTIFS($J$2:$J$61,J25,$H$2:$H$61,H25,$M$2:$M$61,M25,$D$2:$D$61,">"&D25)+COUNTIFS($J$2:$J$61,J25,$H$2:$H$61,H25,$M$2:$M$61,M25,$D$2:$D$61,D25,$B$2:$B$61,">"&B25)) | B25: =IF(Jugadores!B25="","",Jugadores!B25) | C25: =IF(B25="","",COUNTIFS(Partidos!$C:$C,Partidos!$X$2,Partidos!$D:$D,B25)+COUNTIFS(Partidos!$C:$C,Partidos!$X$2,Partidos!$E:$E,B25)+COUNTIFS(Partidos!$C:$C,Partidos!$X$2,Partidos!$F:$F,B25)+COUNTIFS(Partidos!$C:$C,Partidos!$X$2,Partidos!$G:$G,B25)) | D25: =IF(B25="","",COUNTIFS(Partidos!$C:$C,Partidos!$X$2,Partidos!$P:$P,"A",Partidos!$D:$D,B25)+COUNTIFS(Partidos!$C:$C,Partidos!$X$2,Partidos!$P:$P,"A",Partidos!$E:$E,B25)+COUNTIFS(Partidos!$C:$C,Partidos!$X$2,Partidos!$P:$P,"B",Partidos!$F:$F,B25)+COUNTIFS(Partidos!$C:$C,Partidos!$X$2,Partidos!$P:$P,"B",Partidos!$G:$G,B25)) | E25: =IF(B25="","",C25-D25) | F25: =IF(B25="","",SUMIFS(Partidos!$Q:$Q,Partidos!$C:$C,Partidos!$X$2,Partidos!$D:$D,B25)+SUMIFS(Partidos!$Q:$Q,Partidos!$C:$C,Partidos!$X$2,Partidos!$E:$E,B25)+SUMIFS(Partidos!$R:$R,Partidos!$C:$C,Partidos!$X$2,Partidos!$F:$F,B25)+SUMIFS(Partidos!$R:$R,Partidos!$C:$C,Partidos!$X$2,Partidos!$G:$G,B25)) | G25: =IF(B25="","",SUMIFS(Partidos!$R:$R,Partidos!$C:$C,Partidos!$X$2,Partidos!$D:$D,B25)+SUMIFS(Partidos!$R:$R,Partidos!$C:$C,Partidos!$X$2,Partidos!$E:$E,B25)+SUMIFS(Partidos!$Q:$Q,Partidos!$C:$C,Partidos!$X$2,Partidos!$F:$F,B25)+SUMIFS(Partidos!$Q:$Q,Partidos!$C:$C,Partidos!$X$2,Partidos!$G:$G,B25)) | H25: =IF(B25="","",F25-G25) | I25: =IF(B25="","",SUMIFS(Partidos!$T:$T,Partidos!$C:$C,Partidos!$X$2,Partidos!$D:$D,B25)+SUMIFS(Partidos!$T:$T,Partidos!$C:$C,Partidos!$X$2,Partidos!$E:$E,B25)+SUMIFS(Partidos!$U:$U,Partidos!$C:$C,Partidos!$X$2,Partidos!$F:$F,B25)+SUMIFS(Partidos!$U:$U,Partidos!$C:$C,Partidos!$X$2,Partidos!$G:$G,B25)) | J25: =IF(B25="","",D25*Partidos!$X$3 + E25*Partidos!$X$4 + I25) | K25: =IF(B25="","",SUMIFS(Partidos!$N:$N,Partidos!$C:$C,Partidos!$X$2,Partidos!$D:$D,B25)+SUMIFS(Partidos!$N:$N,Partidos!$C:$C,Partidos!$X$2,Partidos!$E:$E,B25)+SUMIFS(Partidos!$O:$O,Partidos!$C:$C,Partidos!$X$2,Partidos!$F:$F,B25)+SUMIFS(Partidos!$O:$O,Partidos!$C:$C,Partidos!$X$2,Partidos!$G:$G,B25)) | L25: =IF(B25="","",SUMIFS(Partidos!$O:$O,Partidos!$C:$C,Partidos!$X$2,Partidos!$D:$D,B25)+SUMIFS(Partidos!$O:$O,Partidos!$C:$C,Partidos!$X$2,Partidos!$E:$E,B25)+SUMIFS(Partidos!$N:$N,Partidos!$C:$C,Partidos!$X$2,Partidos!$F:$F,B25)+SUMIFS(Partidos!$N:$N,Partidos!$C:$C,Partidos!$X$2,Partidos!$G:$G,B25)) | M25: =IF(B25="","",K25-L25)
A26: =IF(B26="","",RANK(J26,$J$2:$J$61,0)+COUNTIFS($J$2:$J$61,J26,$H$2:$H$61,">"&H26)+COUNTIFS($J$2:$J$61,J26,$H$2:$H$61,H26,$M$2:$M$61,">"&M26)+COUNTIFS($J$2:$J$61,J26,$H$2:$H$61,H26,$M$2:$M$61,M26,$D$2:$D$61,">"&D26)+COUNTIFS($J$2:$J$61,J26,$H$2:$H$61,H26,$M$2:$M$61,M26,$D$2:$D$61,D26,$B$2:$B$61,">"&B26)) | B26: =IF(Jugadores!B26="","",Jugadores!B26) | C26: =IF(B26="","",COUNTIFS(Partidos!$C:$C,Partidos!$X$2,Partidos!$D:$D,B26)+COUNTIFS(Partidos!$C:$C,Partidos!$X$2,Partidos!$E:$E,B26)+COUNTIFS(Partidos!$C:$C,Partidos!$X$2,Partidos!$F:$F,B26)+COUNTIFS(Partidos!$C:$C,Partidos!$X$2,Partidos!$G:$G,B26)) | D26: =IF(B26="","",COUNTIFS(Partidos!$C:$C,Partidos!$X$2,Partidos!$P:$P,"A",Partidos!$D:$D,B26)+COUNTIFS(Partidos!$C:$C,Partidos!$X$2,Partidos!$P:$P,"A",Partidos!$E:$E,B26)+COUNTIFS(Partidos!$C:$C,Partidos!$X$2,Partidos!$P:$P,"B",Partidos!$F:$F,B26)+COUNTIFS(Partidos!$C:$C,Partidos!$X$2,Partidos!$P:$P,"B",Partidos!$G:$G,B26)) | E26: =IF(B26="","",C26-D26) | F26: =IF(B26="","",SUMIFS(Partidos!$Q:$Q,Partidos!$C:$C,Partidos!$X$2,Partidos!$D:$D,B26)+SUMIFS(Partidos!$Q:$Q,Partidos!$C:$C,Partidos!$X$2,Partidos!$E:$E,B26)+SUMIFS(Partidos!$R:$R,Partidos!$C:$C,Partidos!$X$2,Partidos!$F:$F,B26)+SUMIFS(Partidos!$R:$R,Partidos!$C:$C,Partidos!$X$2,Partidos!$G:$G,B26)) | G26: =IF(B26="","",SUMIFS(Partidos!$R:$R,Partidos!$C:$C,Partidos!$X$2,Partidos!$D:$D,B26)+SUMIFS(Partidos!$R:$R,Partidos!$C:$C,Partidos!$X$2,Partidos!$E:$E,B26)+SUMIFS(Partidos!$Q:$Q,Partidos!$C:$C,Partidos!$X$2,Partidos!$F:$F,B26)+SUMIFS(Partidos!$Q:$Q,Partidos!$C:$C,Partidos!$X$2,Partidos!$G:$G,B26)) | H26: =IF(B26="","",F26-G26) | I26: =IF(B26="","",SUMIFS(Partidos!$T:$T,Partidos!$C:$C,Partidos!$X$2,Partidos!$D:$D,B26)+SUMIFS(Partidos!$T:$T,Partidos!$C:$C,Partidos!$X$2,Partidos!$E:$E,B26)+SUMIFS(Partidos!$U:$U,Partidos!$C:$C,Partidos!$X$2,Partidos!$F:$F,B26)+SUMIFS(Partidos!$U:$U,Partidos!$C:$C,Partidos!$X$2,Partidos!$G:$G,B26)) | J26: =IF(B26="","",D26*Partidos!$X$3 + E26*Partidos!$X$4 + I26) | K26: =IF(B26="","",SUMIFS(Partidos!$N:$N,Partidos!$C:$C,Partidos!$X$2,Partidos!$D:$D,B26)+SUMIFS(Partidos!$N:$N,Partidos!$C:$C,Partidos!$X$2,Partidos!$E:$E,B26)+SUMIFS(Partidos!$O:$O,Partidos!$C:$C,Partidos!$X$2,Partidos!$F:$F,B26)+SUMIFS(Partidos!$O:$O,Partidos!$C:$C,Partidos!$X$2,Partidos!$G:$G,B26)) | L26: =IF(B26="","",SUMIFS(Partidos!$O:$O,Partidos!$C:$C,Partidos!$X$2,Partidos!$D:$D,B26)+SUMIFS(Partidos!$O:$O,Partidos!$C:$C,Partidos!$X$2,Partidos!$E:$E,B26)+SUMIFS(Partidos!$N:$N,Partidos!$C:$C,Partidos!$X$2,Partidos!$F:$F,B26)+SUMIFS(Partidos!$N:$N,Partidos!$C:$C,Partidos!$X$2,Partidos!$G:$G,B26)) | M26: =IF(B26="","",K26-L26)
A27: =IF(B27="","",RANK(J27,$J$2:$J$61,0)+COUNTIFS($J$2:$J$61,J27,$H$2:$H$61,">"&H27)+COUNTIFS($J$2:$J$61,J27,$H$2:$H$61,H27,$M$2:$M$61,">"&M27)+COUNTIFS($J$2:$J$61,J27,$H$2:$H$61,H27,$M$2:$M$61,M27,$D$2:$D$61,">"&D27)+COUNTIFS($J$2:$J$61,J27,$H$2:$H$61,H27,$M$2:$M$61,M27,$D$2:$D$61,D27,$B$2:$B$61,">"&B27)) | B27: =IF(Jugadores!B27="","",Jugadores!B27) | C27: =IF(B27="","",COUNTIFS(Partidos!$C:$C,Partidos!$X$2,Partidos!$D:$D,B27)+COUNTIFS(Partidos!$C:$C,Partidos!$X$2,Partidos!$E:$E,B27)+COUNTIFS(Partidos!$C:$C,Partidos!$X$2,Partidos!$F:$F,B27)+COUNTIFS(Partidos!$C:$C,Partidos!$X$2,Partidos!$G:$G,B27)) | D27: =IF(B27="","",COUNTIFS(Partidos!$C:$C,Partidos!$X$2,Partidos!$P:$P,"A",Partidos!$D:$D,B27)+COUNTIFS(Partidos!$C:$C,Partidos!$X$2,Partidos!$P:$P,"A",Partidos!$E:$E,B27)+COUNTIFS(Partidos!$C:$C,Partidos!$X$2,Partidos!$P:$P,"B",Partidos!$F:$F,B27)+COUNTIFS(Partidos!$C:$C,Partidos!$X$2,Partidos!$P:$P,"B",Partidos!$G:$G,B27)) | E27: =IF(B27="","",C27-D27) | F27: =IF(B27="","",SUMIFS(Partidos!$Q:$Q,Partidos!$C:$C,Partidos!$X$2,Partidos!$D:$D,B27)+SUMIFS(Partidos!$Q:$Q,Partidos!$C:$C,Partidos!$X$2,Partidos!$E:$E,B27)+SUMIFS(Partidos!$R:$R,Partidos!$C:$C,Partidos!$X$2,Partidos!$F:$F,B27)+SUMIFS(Partidos!$R:$R,Partidos!$C:$C,Partidos!$X$2,Partidos!$G:$G,B27)) | G27: =IF(B27="","",SUMIFS(Partidos!$R:$R,Partidos!$C:$C,Partidos!$X$2,Partidos!$D:$D,B27)+SUMIFS(Partidos!$R:$R,Partidos!$C:$C,Partidos!$X$2,Partidos!$E:$E,B27)+SUMIFS(Partidos!$Q:$Q,Partidos!$C:$C,Partidos!$X$2,Partidos!$F:$F,B27)+SUMIFS(Partidos!$Q:$Q,Partidos!$C:$C,Partidos!$X$2,Partidos!$G:$G,B27)) | H27: =IF(B27="","",F27-G27) | I27: =IF(B27="","",SUMIFS(Partidos!$T:$T,Partidos!$C:$C,Partidos!$X$2,Partidos!$D:$D,B27)+SUMIFS(Partidos!$T:$T,Partidos!$C:$C,Partidos!$X$2,Partidos!$E:$E,B27)+SUMIFS(Partidos!$U:$U,Partidos!$C:$C,Partidos!$X$2,Partidos!$F:$F,B27)+SUMIFS(Partidos!$U:$U,Partidos!$C:$C,Partidos!$X$2,Partidos!$G:$G,B27)) | J27: =IF(B27="","",D27*Partidos!$X$3 + E27*Partidos!$X$4 + I27) | K27: =IF(B27="","",SUMIFS(Partidos!$N:$N,Partidos!$C:$C,Partidos!$X$2,Partidos!$D:$D,B27)+SUMIFS(Partidos!$N:$N,Partidos!$C:$C,Partidos!$X$2,Partidos!$E:$E,B27)+SUMIFS(Partidos!$O:$O,Partidos!$C:$C,Partidos!$X$2,Partidos!$F:$F,B27)+SUMIFS(Partidos!$O:$O,Partidos!$C:$C,Partidos!$X$2,Partidos!$G:$G,B27)) | L27: =IF(B27="","",SUMIFS(Partidos!$O:$O,Partidos!$C:$C,Partidos!$X$2,Partidos!$D:$D,B27)+SUMIFS(Partidos!$O:$O,Partidos!$C:$C,Partidos!$X$2,Partidos!$E:$E,B27)+SUMIFS(Partidos!$N:$N,Partidos!$C:$C,Partidos!$X$2,Partidos!$F:$F,B27)+SUMIFS(Partidos!$N:$N,Partidos!$C:$C,Partidos!$X$2,Partidos!$G:$G,B27)) | M27: =IF(B27="","",K27-L27)
A28: =IF(B28="","",RANK(J28,$J$2:$J$61,0)+COUNTIFS($J$2:$J$61,J28,$H$2:$H$61,">"&H28)+COUNTIFS($J$2:$J$61,J28,$H$2:$H$61,H28,$M$2:$M$61,">"&M28)+COUNTIFS($J$2:$J$61,J28,$H$2:$H$61,H28,$M$2:$M$61,M28,$D$2:$D$61,">"&D28)+COUNTIFS($J$2:$J$61,J28,$H$2:$H$61,H28,$M$2:$M$61,M28,$D$2:$D$61,D28,$B$2:$B$61,">"&B28)) | B28: =IF(Jugadores!B28="","",Jugadores!B28) | C28: =IF(B28="","",COUNTIFS(Partidos!$C:$C,Partidos!$X$2,Partidos!$D:$D,B28)+COUNTIFS(Partidos!$C:$C,Partidos!$X$2,Partidos!$E:$E,B28)+COUNTIFS(Partidos!$C:$C,Partidos!$X$2,Partidos!$F:$F,B28)+COUNTIFS(Partidos!$C:$C,Partidos!$X$2,Partidos!$G:$G,B28)) | D28: =IF(B28="","",COUNTIFS(Partidos!$C:$C,Partidos!$X$2,Partidos!$P:$P,"A",Partidos!$D:$D,B28)+COUNTIFS(Partidos!$C:$C,Partidos!$X$2,Partidos!$P:$P,"A",Partidos!$E:$E,B28)+COUNTIFS(Partidos!$C:$C,Partidos!$X$2,Partidos!$P:$P,"B",Partidos!$F:$F,B28)+COUNTIFS(Partidos!$C:$C,Partidos!$X$2,Partidos!$P:$P,"B",Partidos!$G:$G,B28)) | E28: =IF(B28="","",C28-D28) | F28: =IF(B28="","",SUMIFS(Partidos!$Q:$Q,Partidos!$C:$C,Partidos!$X$2,Partidos!$D:$D,B28)+SUMIFS(Partidos!$Q:$Q,Partidos!$C:$C,Partidos!$X$2,Partidos!$E:$E,B28)+SUMIFS(Partidos!$R:$R,Partidos!$C:$C,Partidos!$X$2,Partidos!$F:$F,B28)+SUMIFS(Partidos!$R:$R,Partidos!$C:$C,Partidos!$X$2,Partidos!$G:$G,B28)) | G28: =IF(B28="","",SUMIFS(Partidos!$R:$R,Partidos!$C:$C,Partidos!$X$2,Partidos!$D:$D,B28)+SUMIFS(Partidos!$R:$R,Partidos!$C:$C,Partidos!$X$2,Partidos!$E:$E,B28)+SUMIFS(Partidos!$Q:$Q,Partidos!$C:$C,Partidos!$X$2,Partidos!$F:$F,B28)+SUMIFS(Partidos!$Q:$Q,Partidos!$C:$C,Partidos!$X$2,Partidos!$G:$G,B28)) | H28: =IF(B28="","",F28-G28) | I28: =IF(B28="","",SUMIFS(Partidos!$T:$T,Partidos!$C:$C,Partidos!$X$2,Partidos!$D:$D,B28)+SUMIFS(Partidos!$T:$T,Partidos!$C:$C,Partidos!$X$2,Partidos!$E:$E,B28)+SUMIFS(Partidos!$U:$U,Partidos!$C:$C,Partidos!$X$2,Partidos!$F:$F,B28)+SUMIFS(Partidos!$U:$U,Partidos!$C:$C,Partidos!$X$2,Partidos!$G:$G,B28)) | J28: =IF(B28="","",D28*Partidos!$X$3 + E28*Partidos!$X$4 + I28) | K28: =IF(B28="","",SUMIFS(Partidos!$N:$N,Partidos!$C:$C,Partidos!$X$2,Partidos!$D:$D,B28)+SUMIFS(Partidos!$N:$N,Partidos!$C:$C,Partidos!$X$2,Partidos!$E:$E,B28)+SUMIFS(Partidos!$O:$O,Partidos!$C:$C,Partidos!$X$2,Partidos!$F:$F,B28)+SUMIFS(Partidos!$O:$O,Partidos!$C:$C,Partidos!$X$2,Partidos!$G:$G,B28)) | L28: =IF(B28="","",SUMIFS(Partidos!$O:$O,Partidos!$C:$C,Partidos!$X$2,Partidos!$D:$D,B28)+SUMIFS(Partidos!$O:$O,Partidos!$C:$C,Partidos!$X$2,Partidos!$E:$E,B28)+SUMIFS(Partidos!$N:$N,Partidos!$C:$C,Partidos!$X$2,Partidos!$F:$F,B28)+SUMIFS(Partidos!$N:$N,Partidos!$C:$C,Partidos!$X$2,Partidos!$G:$G,B28)) | M28: =IF(B28="","",K28-L28)
A29: =IF(B29="","",RANK(J29,$J$2:$J$61,0)+COUNTIFS($J$2:$J$61,J29,$H$2:$H$61,">"&H29)+COUNTIFS($J$2:$J$61,J29,$H$2:$H$61,H29,$M$2:$M$61,">"&M29)+COUNTIFS($J$2:$J$61,J29,$H$2:$H$61,H29,$M$2:$M$61,M29,$D$2:$D$61,">"&D29)+COUNTIFS($J$2:$J$61,J29,$H$2:$H$61,H29,$M$2:$M$61,M29,$D$2:$D$61,D29,$B$2:$B$61,">"&B29)) | B29: =IF(Jugadores!B29="","",Jugadores!B29) | C29: =IF(B29="","",COUNTIFS(Partidos!$C:$C,Partidos!$X$2,Partidos!$D:$D,B29)+COUNTIFS(Partidos!$C:$C,Partidos!$X$2,Partidos!$E:$E,B29)+COUNTIFS(Partidos!$C:$C,Partidos!$X$2,Partidos!$F:$F,B29)+COUNTIFS(Partidos!$C:$C,Partidos!$X$2,Partidos!$G:$G,B29)) | D29: =IF(B29="","",COUNTIFS(Partidos!$C:$C,Partidos!$X$2,Partidos!$P:$P,"A",Partidos!$D:$D,B29)+COUNTIFS(Partidos!$C:$C,Partidos!$X$2,Partidos!$P:$P,"A",Partidos!$E:$E,B29)+COUNTIFS(Partidos!$C:$C,Partidos!$X$2,Partidos!$P:$P,"B",Partidos!$F:$F,B29)+COUNTIFS(Partidos!$C:$C,Partidos!$X$2,Partidos!$P:$P,"B",Partidos!$G:$G,B29)) | E29: =IF(B29="","",C29-D29) | F29: =IF(B29="","",SUMIFS(Partidos!$Q:$Q,Partidos!$C:$C,Partidos!$X$2,Partidos!$D:$D,B29)+SUMIFS(Partidos!$Q:$Q,Partidos!$C:$C,Partidos!$X$2,Partidos!$E:$E,B29)+SUMIFS(Partidos!$R:$R,Partidos!$C:$C,Partidos!$X$2,Partidos!$F:$F,B29)+SUMIFS(Partidos!$R:$R,Partidos!$C:$C,Partidos!$X$2,Partidos!$G:$G,B29)) | G29: =IF(B29="","",SUMIFS(Partidos!$R:$R,Partidos!$C:$C,Partidos!$X$2,Partidos!$D:$D,B29)+SUMIFS(Partidos!$R:$R,Partidos!$C:$C,Partidos!$X$2,Partidos!$E:$E,B29)+SUMIFS(Partidos!$Q:$Q,Partidos!$C:$C,Partidos!$X$2,Partidos!$F:$F,B29)+SUMIFS(Partidos!$Q:$Q,Partidos!$C:$C,Partidos!$X$2,Partidos!$G:$G,B29)) | H29: =IF(B29="","",F29-G29) | I29: =IF(B29="","",SUMIFS(Partidos!$T:$T,Partidos!$C:$C,Partidos!$X$2,Partidos!$D:$D,B29)+SUMIFS(Partidos!$T:$T,Partidos!$C:$C,Partidos!$X$2,Partidos!$E:$E,B29)+SUMIFS(Partidos!$U:$U,Partidos!$C:$C,Partidos!$X$2,Partidos!$F:$F,B29)+SUMIFS(Partidos!$U:$U,Partidos!$C:$C,Partidos!$X$2,Partidos!$G:$G,B29)) | J29: =IF(B29="","",D29*Partidos!$X$3 + E29*Partidos!$X$4 + I29) | K29: =IF(B29="","",SUMIFS(Partidos!$N:$N,Partidos!$C:$C,Partidos!$X$2,Partidos!$D:$D,B29)+SUMIFS(Partidos!$N:$N,Partidos!$C:$C,Partidos!$X$2,Partidos!$E:$E,B29)+SUMIFS(Partidos!$O:$O,Partidos!$C:$C,Partidos!$X$2,Partidos!$F:$F,B29)+SUMIFS(Partidos!$O:$O,Partidos!$C:$C,Partidos!$X$2,Partidos!$G:$G,B29)) | L29: =IF(B29="","",SUMIFS(Partidos!$O:$O,Partidos!$C:$C,Partidos!$X$2,Partidos!$D:$D,B29)+SUMIFS(Partidos!$O:$O,Partidos!$C:$C,Partidos!$X$2,Partidos!$E:$E,B29)+SUMIFS(Partidos!$N:$N,Partidos!$C:$C,Partidos!$X$2,Partidos!$F:$F,B29)+SUMIFS(Partidos!$N:$N,Partidos!$C:$C,Partidos!$X$2,Partidos!$G:$G,B29)) | M29: =IF(B29="","",K29-L29)
... A61: =IF(B61="","",RANK(J61,$J$2:$J$61,0)+COUNTIFS($J$2:$J$61,J61,$H$2:$H$61,">"&H61)+COUNTIFS($J$2:$J$61,J61,$H$2:$H$61,H61,$M$2:$M$61,">"&M61)+COUNTIFS($J$2:$J$61,J61,$H$2:$H$61,H61,$M$2:$M$61,M61,$D$2:$D$61,">"&D61)+COUNTIFS($J$2:$J$61,J61,$H$2:$H$61,H61,$M$2:$M$61,M61,$D$2:$D$61,D61,$B$2:$B$61,">"&B61)) | B61: =IF(Jugadores!B61="","",Jugadores!B61) | C61: =IF(B61="","",COUNTIFS(Partidos!$C:$C,Partidos!$X$2,Partidos!$D:$D,B61)+COUNTIFS(Partidos!$C:$C,Partidos!$X$2,Partidos!$E:$E,B61)+COUNTIFS(Partidos!$C:$C,Partidos!$X$2,Partidos!$F:$F,B61)+COUNTIFS(Partidos!$C:$C,Partidos!$X$2,Partidos!$G:$G,B61)) | D61: =IF(B61="","",COUNTIFS(Partidos!$C:$C,Partidos!$X$2,Partidos!$P:$P,"A",Partidos!$D:$D,B61)+COUNTIFS(Partidos!$C:$C,Partidos!$X$2,Partidos!$P:$P,"A",Partidos!$E:$E,B61)+COUNTIFS(Partidos!$C:$C,Partidos!$X$2,Partidos!$P:$P,"B",Partidos!$F:$F,B61)+COUNTIFS(Partidos!$C:$C,Partidos!$X$2,Partidos!$P:$P,"B",Partidos!$G:$G,B61)) | E61: =IF(B61="","",C61-D61) | F61: =IF(B61="","",SUMIFS(Partidos!$Q:$Q,Partidos!$C:$C,Partidos!$X$2,Partidos!$D:$D,B61)+SUMIFS(Partidos!$Q:$Q,Partidos!$C:$C,Partidos!$X$2,Partidos!$E:$E,B61)+SUMIFS(Partidos!$R:$R,Partidos!$C:$C,Partidos!$X$2,Partidos!$F:$F,B61)+SUMIFS(Partidos!$R:$R,Partidos!$C:$C,Partidos!$X$2,Partidos!$G:$G,B61)) | G61: =IF(B61="","",SUMIFS(Partidos!$R:$R,Partidos!$C:$C,Partidos!$X$2,Partidos!$D:$D,B61)+SUMIFS(Partidos!$R:$R,Partidos!$C:$C,Partidos!$X$2,Partidos!$E:$E,B61)+SUMIFS(Partidos!$Q:$Q,Partidos!$C:$C,Partidos!$X$2,Partidos!$F:$F,B61)+SUMIFS(Partidos!$Q:$Q,Partidos!$C:$C,Partidos!$X$2,Partidos!$G:$G,B61)) | H61: =IF(B61="","",F61-G61) | I61: =IF(B61="","",SUMIFS(Partidos!$T:$T,Partidos!$C:$C,Partidos!$X$2,Partidos!$D:$D,B61)+SUMIFS(Partidos!$T:$T,Partidos!$C:$C,Partidos!$X$2,Partidos!$E:$E,B61)+SUMIFS(Partidos!$U:$U,Partidos!$C:$C,Partidos!$X$2,Partidos!$F:$F,B61)+SUMIFS(Partidos!$U:$U,Partidos!$C:$C,Partidos!$X$2,Partidos!$G:$G,B61)) | J61: =IF(B61="","",D61*Partidos!$X$3 + E61*Partidos!$X$4 + I61) | K61: =IF(B61="","",SUMIFS(Partidos!$N:$N,Partidos!$C:$C,Partidos!$X$2,Partidos!$D:$D,B61)+SUMIFS(Partidos!$N:$N,Partidos!$C:$C,Partidos!$X$2,Partidos!$E:$E,B61)+SUMIFS(Partidos!$O:$O,Partidos!$C:$C,Partidos!$X$2,Partidos!$F:$F,B61)+SUMIFS(Partidos!$O:$O,Partidos!$C:$C,Partidos!$X$2,Partidos!$G:$G,B61)) | L61: =IF(B61="","",SUMIFS(Partidos!$O:$O,Partidos!$C:$C,Partidos!$X$2,Partidos!$D:$D,B61)+SUMIFS(Partidos!$O:$O,Partidos!$C:$C,Partidos!$X$2,Partidos!$E:$E,B61)+SUMIFS(Partidos!$N:$N,Partidos!$C:$C,Partidos!$X$2,Partidos!$F:$F,B61)+SUMIFS(Partidos!$N:$N,Partidos!$C:$C,Partidos!$X$2,Partidos!$G:$G,B61)) | M61: =IF(B61="","",K61-L61)

Sheet Ranking_Temporada
A1: Ranking (por temporada) | L1: Temporada: | M1: =Partidos!$Z$5 -> 2025
A3: Pos | B3: Jugador | C3: PJ | D3: V | E3: D | F3: GamesF | G3: GamesC | H3: Dif | I3: Bonus | J3: Puntos
A4: =IF(B4="","",RANK(J4,$J$4:$J$63,0)+COUNTIFS($J$4:$J$63,J4,$H$4:$H$63,">"&H4)+COUNTIFS($J$4:$J$63,J4,$H$4:$H$63,H4,$D$4:$D$63,">"&D4)+COUNTIFS($J$4:$J$63,J4,$H$4:$H$63,H4,$D$4:$D$63,D4,$B$4:$B$63,">"&B4)) -> 1 | B4: =Ranking!B2 -> Carmelo Rosario | C4: =IF(B4="","",COUNTIFS(Partidos!$AB:$AB,TRUE,Partidos!$C:$C,Partidos!$X$2,Partidos!$D:$D,B4)+COUNTIFS(Partidos!$AB:$AB,TRUE,Partidos!$C:$C,Partidos!$X$2,Partidos!$E:$E,B4)+COUNTIFS(Partidos!$AB:$AB,TRUE,Partidos!$C:$C,Partidos!$X$2,Partidos!$F:$F,B4)+COUNTIFS(Partidos!$AB:$AB,TRUE,Partidos!$C:$C,Partidos!$X$2,Partidos!$G:$G,B4)) -> 35 | D4: =IF(B4="","",COUNTIFS(Partidos!$AB:$AB,TRUE,Partidos!$C:$C,Partidos!$X$2,Partidos!$P:$P,"A",Partidos!$D:$D,B4)+COUNTIFS(Partidos!$AB:$AB,TRUE,Partidos!$C:$C,Partidos!$X$2,Partidos!$P:$P,"A",Partidos!$E:$E,B4)+COUNTIFS(Partidos!$AB:$AB,TRUE,Partidos!$C:$C,Partidos!$X$2,Partidos!$P:$P,"B",Partidos!$F:$F,B4)+COUNTIFS(Partidos!$AB:$AB,TRUE,Partidos!$C:$C,Partidos!$X$2,Partidos!$P:$P,"B",Partidos!$G:$G,B4)) -> 23 | E4: =IF(B4="","",C4-D4) -> 12 | F4: =IF(B4="","",SUMIFS(Partidos!$Q:$Q,Partidos!$AB:$AB,TRUE,Partidos!$C:$C,Partidos!$X$2,Partidos!$D:$D,B4)+SUMIFS(Partidos!$Q:$Q,Partidos!$AB:$AB,TRUE,Partidos!$C:$C,Partidos!$X$2,Partidos!$E:$E,B4)+SUMIFS(Partidos!$R:$R,Partidos!$AB:$AB,TRUE,Partidos!$C:$C,Partidos!$X$2,Partidos!$F:$F,B4)+SUMIFS(Partidos!$R:$R,Partidos!$AB:$AB,TRUE,Partidos!$C:$C,Partidos!$X$2,Partidos!$G:$G,B4)) -> 422 | G4: =IF(B4="","",SUMIFS(Partidos!$R:$R,Partidos!$AB:$AB,TRUE,Partidos!$C:$C,Partidos!$X$2,Partidos!$D:$D,B4)+SUMIFS(Partidos!$R:$R,Partidos!$AB:$AB,TRUE,Partidos!$C:$C,Partidos!$X$2,Partidos!$E:$E,B4)+SUMIFS(Partidos!$Q:$Q,Partidos!$AB:$AB,TRUE,Partidos!$C:$C,Partidos!$X$2,Partidos!$F:$F,B4)+SUMIFS(Partidos!$Q:$Q,Partidos!$AB:$AB,TRUE,Partidos!$C:$C,Partidos!$X$2,Partidos!$G:$G,B4)) -> 361 | H4: =IF(B4="","",F4-G4) -> 61 | I4: =IF(B4="","",SUMIFS(Partidos!$T:$T,Partidos!$AB:$AB,TRUE,Partidos!$C:$C,Partidos!$X$2,Partidos!$D:$D,B4)+SUMIFS(Partidos!$T:$T,Partidos!$AB:$AB,TRUE,Partidos!$C:$C,Partidos!$X$2,Partidos!$E:$E,B4)+SUMIFS(Partidos!$U:$U,Partidos!$AB:$AB,TRUE,Partidos!$C:$C,Partidos!$X$2,Partidos!$F:$F,B4)+SUMIFS(Partidos!$U:$U,Partidos!$AB:$AB,TRUE,Partidos!$C:$C,Partidos!$X$2,Partidos!$G:$G,B4)) -> 2.48 | J4: =IF(B4="","",D4*Partidos!$X$3 + E4*Partidos!$X$4 + I4) -> 48.48
A5: =IF(B5="","",RANK(J5,$J$4:$J$63,0)+COUNTIFS($J$4:$J$63,J5,$H$4:$H$63,">"&H5)+COUNTIFS($J$4:$J$63,J5,$H$4:$H$63,H5,$D$4:$D$63,">"&D5)+COUNTIFS($J$4:$J$63,J5,$H$4:$H$63,H5,$D$4:$D$63,D5,$B$4:$B$63,">"&B5)) -> 2 | B5: =Ranking!B3 -> Javier suarez | C5: =IF(B5="","",COUNTIFS(Partidos!$AB:$AB,TRUE,Partidos!$C:$C,Partidos!$X$2,Partidos!$D:$D,B5)+COUNTIFS(Partidos!$AB:$AB,TRUE,Partidos!$C:$C,Partidos!$X$2,Partidos!$E:$E,B5)+COUNTIFS(Partidos!$AB:$AB,TRUE,Partidos!$C:$C,Partidos!$X$2,Partidos!$F:$F,B5)+COUNTIFS(Partidos!$AB:$AB,TRUE,Partidos!$C:$C,Partidos!$X$2,Partidos!$G:$G,B5)) -> 28 | D5: =IF(B5="","",COUNTIFS(Partidos!$AB:$AB,TRUE,Partidos!$C:$C,Partidos!$X$2,Partidos!$P:$P,"A",Partidos!$D:$D,B5)+COUNTIFS(Partidos!$AB:$AB,TRUE,Partidos!$C:$C,Partidos!$X$2,Partidos!$P:$P,"A",Partidos!$E:$E,B5)+COUNTIFS(Partidos!$AB:$AB,TRUE,Partidos!$C:$C,Partidos!$X$2,Partidos!$P:$P,"B",Partidos!$F:$F,B5)+COUNTIFS(Partidos!$AB:$AB,TRUE,Partidos!$C:$C,Partidos!$X$2,Partidos!$P:$P,"B",Partidos!$G:$G,B5)) -> 19 | E5: =IF(B5="","",C5-D5) -> 9 | F5: =IF(B5="","",SUMIFS(Partidos!$Q:$Q,Partidos!$AB:$AB,TRUE,Partidos!$C:$C,Partidos!$X$2,Partidos!$D:$D,B5)+SUMIFS(Partidos!$Q:$Q,Partidos!$AB:$AB,TRUE,Partidos!$C:$C,Partidos!$X$2,Partidos!$E:$E,B5)+SUMIFS(Partidos!$R:$R,Partidos!$AB:$AB,TRUE,Partidos!$C:$C,Partidos!$X$2,Partidos!$F:$F,B5)+SUMIFS(Partidos!$R:$R,Partidos!$AB:$AB,TRUE,Partidos!$C:$C,Partidos!$X$2,Partidos!$G:$G,B5)) -> 349 | G5: =IF(B5="","",SUMIFS(Partidos!$R:$R,Partidos!$AB:$AB,TRUE,Partidos!$C:$C,Partidos!$X$2,Partidos!$D:$D,B5)+SUMIFS(Partidos!$R:$R,Partidos!$AB:$AB,TRUE,Partidos!$C:$C,Partidos!$X$2,Partidos!$E:$E,B5)+SUMIFS(Partidos!$Q:$Q,Partidos!$AB:$AB,TRUE,Partidos!$C:$C,Partidos!$X$2,Partidos!$F:$F,B5)+SUMIFS(Partidos!$Q:$Q,Partidos!$AB:$AB,TRUE,Partidos!$C:$C,Partidos!$X$2,Partidos!$G:$G,B5)) -> 249 | H5: =IF(B5="","",F5-G5) -> 100 | I5: =IF(B5="","",SUMIFS(Partidos!$T:$T,Partidos!$AB:$AB,TRUE,Partidos!$C:$C,Partidos!$X$2,Partidos!$D:$D,B5)+SUMIFS(Partidos!$T:$T,Partidos!$AB:$AB,TRUE,Partidos!$C:$C,Partidos!$X$2,Partidos!$E:$E,B5)+SUMIFS(Partidos!$U:$U,Partidos!$AB:$AB,TRUE,Partidos!$C:$C,Partidos!$X$2,Partidos!$F:$F,B5)+SUMIFS(Partidos!$U:$U,Partidos!$AB:$AB,TRUE,Partidos!$C:$C,Partidos!$X$2,Partidos!$G:$G,B5)) -> 2.64 | J5: =IF(B5="","",D5*Partidos!$X$3 + E5*Partidos!$X$4 + I5) -> 40.64
A6: =IF(B6="","",RANK(J6,$J$4:$J$63,0)+COUNTIFS($J$4:$J$63,J6,$H$4:$H$63,">"&H6)+COUNTIFS($J$4:$J$63,J6,$H$4:$H$63,H6,$D$4:$D$63,">"&D6)+COUNTIFS($J$4:$J$63,J6,$H$4:$H$63,H6,$D$4:$D$63,D6,$B$4:$B$63,">"&B6)) -> 3 | B6: =Ranking!B4 -> Javier Bonilla | C6: =IF(B6="","",COUNTIFS(Partidos!$AB:$AB,TRUE,Partidos!$C:$C,Partidos!$X$2,Partidos!$D:$D,B6)+COUNTIFS(Partidos!$AB:$AB,TRUE,Partidos!$C:$C,Partidos!$X$2,Partidos!$E:$E,B6)+COUNTIFS(Partidos!$AB:$AB,TRUE,Partidos!$C:$C,Partidos!$X$2,Partidos!$F:$F,B6)+COUNTIFS(Partidos!$AB:$AB,TRUE,Partidos!$C:$C,Partidos!$X$2,Partidos!$G:$G,B6)) -> 29 | D6: =IF(B6="","",COUNTIFS(Partidos!$AB:$AB,TRUE,Partidos!$C:$C,Partidos!$X$2,Partidos!$P:$P,"A",Partidos!$D:$D,B6)+COUNTIFS(Partidos!$AB:$AB,TRUE,Partidos!$C:$C,Partidos!$X$2,Partidos!$P:$P,"A",Partidos!$E:$E,B6)+COUNTIFS(Partidos!$AB:$AB,TRUE,Partidos!$C:$C,Partidos!$X$2,Partidos!$P:$P,"B",Partidos!$F:$F,B6)+COUNTIFS(Partidos!$AB:$AB,TRUE,Partidos!$C:$C,Partidos!$X$2,Partidos!$P:$P,"B",Partidos!$G:$G,B6)) -> 17 | E6: =IF(B6="","",C6-D6) -> 12 | F6: =IF(B6="","",SUMIFS(Partidos!$Q:$Q,Partidos!$AB:$AB,TRUE,Partidos!$C:$C,Partidos!$X$2,Partidos!$D:$D,B6)+SUMIFS(Partidos!$Q:$Q,Partidos!$AB:$AB,TRUE,Partidos!$C:$C,Partidos!$X$2,Partidos!$E:$E,B6)+SUMIFS(Partidos!$R:$R,Partidos!$AB:$AB,TRUE,Partidos!$C:$C,Partidos!$X$2,Partidos!$F:$F,B6)+SUMIFS(Partidos!$R:$R,Partidos!$AB:$AB,TRUE,Partidos!$C:$C,Partidos!$X$2,Partidos!$G:$G,B6)) -> 320 | G6: =IF(B6="","",SUMIFS(Partidos!$R:$R,Partidos!$AB:$AB,TRUE,Partidos!$C:$C,Partidos!$X$2,Partidos!$D:$D,B6)+SUMIFS(Partidos!$R:$R,Partidos!$AB:$AB,TRUE,Partidos!$C:$C,Partidos!$X$2,Partidos!$E:$E,B6)+SUMIFS(Partidos!$Q:$Q,Partidos!$AB:$AB,TRUE,Partidos!$C:$C,Partidos!$X$2,Partidos!$F:$F,B6)+SUMIFS(Partidos!$Q:$Q,Partidos!$AB:$AB,TRUE,Partidos!$C:$C,Partidos!$X$2,Partidos!$G:$G,B6)) -> 316 | H6: =IF(B6="","",F6-G6) -> 4 | I6: =IF(B6="","",SUMIFS(Partidos!$T:$T,Partidos!$AB:$AB,TRUE,Partidos!$C:$C,Partidos!$X$2,Partidos!$D:$D,B6)+SUMIFS(Partidos!$T:$T,Partidos!$AB:$AB,TRUE,Partidos!$C:$C,Partidos!$X$2,Partidos!$E:$E,B6)+SUMIFS(Partidos!$U:$U,Partidos!$AB:$AB,TRUE,Partidos!$C:$C,Partidos!$X$2,Partidos!$F:$F,B6)+SUMIFS(Partidos!$U:$U,Partidos!$AB:$AB,TRUE,Partidos!$C:$C,Partidos!$X$2,Partidos!$G:$G,B6)) -> 1.6 | J6: =IF(B6="","",D6*Partidos!$X$3 + E6*Partidos!$X$4 + I6) -> 35.6
A7: =IF(B7="","",RANK(J7,$J$4:$J$63,0)+COUNTIFS($J$4:$J$63,J7,$H$4:$H$63,">"&H7)+COUNTIFS($J$4:$J$63,J7,$H$4:$H$63,H7,$D$4:$D$63,">"&D7)+COUNTIFS($J$4:$J$63,J7,$H$4:$H$63,H7,$D$4:$D$63,D7,$B$4:$B$63,">"&B7)) -> 4 | B7: =Ranking!B5 -> Israel Suárez | C7: =IF(B7="","",COUNTIFS(Partidos!$AB:$AB,TRUE,Partidos!$C:$C,Partidos!$X$2,Partidos!$D:$D,B7)+COUNTIFS(Partidos!$AB:$AB,TRUE,Partidos!$C:$C,Partidos!$X$2,Partidos!$E:$E,B7)+COUNTIFS(Partidos!$AB:$AB,TRUE,Partidos!$C:$C,Partidos!$X$2,Partidos!$F:$F,B7)+COUNTIFS(Partidos!$AB:$AB,TRUE,Partidos!$C:$C,Partidos!$X$2,Partidos!$G:$G,B7)) -> 20 | D7: =IF(B7="","",COUNTIFS(Partidos!$AB:$AB,TRUE,Partidos!$C:$C,Partidos!$X$2,Partidos!$P:$P,"A",Partidos!$D:$D,B7)+COUNTIFS(Partidos!$AB:$AB,TRUE,Partidos!$C:$C,Partidos!$X$2,Partidos!$P:$P,"A",Partidos!$E:$E,B7)+COUNTIFS(Partidos!$AB:$AB,TRUE,Partidos!$C:$C,Partidos!$X$2,Partidos!$P:$P,"B",Partidos!$F:$F,B7)+COUNTIFS(Partidos!$AB:$AB,TRUE,Partidos!$C:$C,Partidos!$X$2,Partidos!$P:$P,"B",Partidos!$G:$G,B7)) -> 15 | E7: =IF(B7="","",C7-D7) -> 5 | F7: =IF(B7="","",SUMIFS(Partidos!$Q:$Q,Partidos!$AB:$AB,TRUE,Partidos!$C:$C,Partidos!$X$2,Partidos!$D:$D,B7)+SUMIFS(Partidos!$Q:$Q,Partidos!$AB:$AB,TRUE,Partidos!$C:$C,Partidos!$X$2,Partidos!$E:$E,B7)+SUMIFS(Partidos!$R:$R,Partidos!$AB:$AB,TRUE,Partidos!$C:$C,Partidos!$X$2,Partidos!$F:$F,B7)+SUMIFS(Partidos!$R:$R,Partidos!$AB:$AB,TRUE,Partidos!$C:$C,Partidos!$X$2,Partidos!$G:$G,B7)) -> 247 | G7: =IF(B7="","",SUMIFS(Partidos!$R:$R,Partidos!$AB:$AB,TRUE,Partidos!$C:$C,Partidos!$X$2,Partidos!$D:$D,B7)+SUMIFS(Partidos!$R:$R,Partidos!$AB:$AB,TRUE,Partidos!$C:$C,Partidos!$X$2,Partidos!$E:$E,B7)+SUMIFS(Partidos!$Q:$Q,Partidos!$AB:$AB,TRUE,Partidos!$C:$C,Partidos!$X$2,Partidos!$F:$F,B7)+SUMIFS(Partidos!$Q:$Q,Partidos!$AB:$AB,TRUE,Partidos!$C:$C,Partidos!$X$2,Partidos!$G:$G,B7)) -> 211 | H7: =IF(B7="","",F7-G7) -> 36 | I7: =IF(B7="","",SUMIFS(Partidos!$T:$T,Partidos!$AB:$AB,TRUE,Partidos!$C:$C,Partidos!$X$2,Partidos!$D:$D,B7)+SUMIFS(Partidos!$T:$T,Partidos!$AB:$AB,TRUE,Partidos!$C:$C,Partidos!$X$2,Partidos!$E:$E,B7)+SUMIFS(Partidos!$U:$U,Partidos!$AB:$AB,TRUE,Partidos!$C:$C,Partidos!$X$2,Partidos!$F:$F,B7)+SUMIFS(Partidos!$U:$U,Partidos!$AB:$AB,TRUE,Partidos!$C:$C,Partidos!$X$2,Partidos!$G:$G,B7)) -> 1.34 | J7: =IF(B7="","",D7*Partidos!$X$3 + E7*Partidos!$X$4 + I7) -> 31.34
A8: =IF(B8="","",RANK(J8,$J$4:$J$63,0)+COUNTIFS($J$4:$J$63,J8,$H$4:$H$63,">"&H8)+COUNTIFS($J$4:$J$63,J8,$H$4:$H$63,H8,$D$4:$D$63,">"&D8)+COUNTIFS($J$4:$J$63,J8,$H$4:$H$63,H8,$D$4:$D$63,D8,$B$4:$B$63,">"&B8)) -> 5 | B8: =Ranking!B6 -> Imobach González | C8: =IF(B8="","",COUNTIFS(Partidos!$AB:$AB,TRUE,Partidos!$C:$C,Partidos!$X$2,Partidos!$D:$D,B8)+COUNTIFS(Partidos!$AB:$AB,TRUE,Partidos!$C:$C,Partidos!$X$2,Partidos!$E:$E,B8)+COUNTIFS(Partidos!$AB:$AB,TRUE,Partidos!$C:$C,Partidos!$X$2,Partidos!$F:$F,B8)+COUNTIFS(Partidos!$AB:$AB,TRUE,Partidos!$C:$C,Partidos!$X$2,Partidos!$G:$G,B8)) -> 26 | D8: =IF(B8="","",COUNTIFS(Partidos!$AB:$AB,TRUE,Partidos!$C:$C,Partidos!$X$2,Partidos!$P:$P,"A",Partidos!$D:$D,B8)+COUNTIFS(Partidos!$AB:$AB,TRUE,Partidos!$C:$C,Partidos!$X$2,Partidos!$P:$P,"A",Partidos!$E:$E,B8)+COUNTIFS(Partidos!$AB:$AB,TRUE,Partidos!$C:$C,Partidos!$X$2,Partidos!$P:$P,"B",Partidos!$F:$F,B8)+COUNTIFS(Partidos!$AB:$AB,TRUE,Partidos!$C:$C,Partidos!$X$2,Partidos!$P:$P,"B",Partidos!$G:$G,B8)) -> 14 | E8: =IF(B8="","",C8-D8) -> 12 | F8: =IF(B8="","",SUMIFS(Partidos!$Q:$Q,Partidos!$AB:$AB,TRUE,Partidos!$C:$C,Partidos!$X$2,Partidos!$D:$D,B8)+SUMIFS(Partidos!$Q:$Q,Partidos!$AB:$AB,TRUE,Partidos!$C:$C,Partidos!$X$2,Partidos!$E:$E,B8)+SUMIFS(Partidos!$R:$R,Partidos!$AB:$AB,TRUE,Partidos!$C:$C,Partidos!$X$2,Partidos!$F:$F,B8)+SUMIFS(Partidos!$R:$R,Partidos!$AB:$AB,TRUE,Partidos!$C:$C,Partidos!$X$2,Partidos!$G:$G,B8)) -> 293 | G8: =IF(B8="","",SUMIFS(Partidos!$R:$R,Partidos!$AB:$AB,TRUE,Partidos!$C:$C,Partidos!$X$2,Partidos!$D:$D,B8)+SUMIFS(Partidos!$R:$R,Partidos!$AB:$AB,TRUE,Partidos!$C:$C,Partidos!$X$2,Partidos!$E:$E,B8)+SUMIFS(Partidos!$Q:$Q,Partidos!$AB:$AB,TRUE,Partidos!$C:$C,Partidos!$X$2,Partidos!$F:$F,B8)+SUMIFS(Partidos!$Q:$Q,Partidos!$AB:$AB,TRUE,Partidos!$C:$C,Partidos!$X$2,Partidos!$G:$G,B8)) -> 270 | H8: =IF(B8="","",F8-G8) -> 23 | I8: =IF(B8="","",SUMIFS(Partidos!$T:$T,Partidos!$AB:$AB,TRUE,Partidos!$C:$C,Partidos!$X$2,Partidos!$D:$D,B8)+SUMIFS(Partidos!$T:$T,Partidos!$AB:$AB,TRUE,Partidos!$C:$C,Partidos!$X$2,Partidos!$E:$E,B8)+SUMIFS(Partidos!$U:$U,Partidos!$AB:$AB,TRUE,Partidos!$C:$C,Partidos!$X$2,Partidos!$F:$F,B8)+SUMIFS(Partidos!$U:$U,Partidos!$AB:$AB,TRUE,Partidos!$C:$C,Partidos!$X$2,Partidos!$G:$G,B8)) -> 1.72 | J8: =IF(B8="","",D8*Partidos!$X$3 + E8*Partidos!$X$4 + I8) -> 29.72
A9: =IF(B9="","",RANK(J9,$J$4:$J$63,0)+COUNTIFS($J$4:$J$63,J9,$H$4:$H$63,">"&H9)+COUNTIFS($J$4:$J$63,J9,$H$4:$H$63,H9,$D$4:$D$63,">"&D9)+COUNTIFS($J$4:$J$63,J9,$H$4:$H$63,H9,$D$4:$D$63,D9,$B$4:$B$63,">"&B9)) -> 6 | B9: =Ranking!B7 -> Guillermo Medina | C9: =IF(B9="","",COUNTIFS(Partidos!$AB:$AB,TRUE,Partidos!$C:$C,Partidos!$X$2,Partidos!$D:$D,B9)+COUNTIFS(Partidos!$AB:$AB,TRUE,Partidos!$C:$C,Partidos!$X$2,Partidos!$E:$E,B9)+COUNTIFS(Partidos!$AB:$AB,TRUE,Partidos!$C:$C,Partidos!$X$2,Partidos!$F:$F,B9)+COUNTIFS(Partidos!$AB:$AB,TRUE,Partidos!$C:$C,Partidos!$X$2,Partidos!$G:$G,B9)) -> 20 | D9: =IF(B9="","",COUNTIFS(Partidos!$AB:$AB,TRUE,Partidos!$C:$C,Partidos!$X$2,Partidos!$P:$P,"A",Partidos!$D:$D,B9)+COUNTIFS(Partidos!$AB:$AB,TRUE,Partidos!$C:$C,Partidos!$X$2,Partidos!$P:$P,"A",Partidos!$E:$E,B9)+COUNTIFS(Partidos!$AB:$AB,TRUE,Partidos!$C:$C,Partidos!$X$2,Partidos!$P:$P,"B",Partidos!$F:$F,B9)+COUNTIFS(Partidos!$AB:$AB,TRUE,Partidos!$C:$C,Partidos!$X$2,Partidos!$P:$P,"B",Partidos!$G:$G,B9)) -> 9 | E9: =IF(B9="","",C9-D9) -> 11 | F9: =IF(B9="","",SUMIFS(Partidos!$Q:$Q,Partidos!$AB:$AB,TRUE,Partidos!$C:$C,Partidos!$X$2,Partidos!$D:$D,B9)+SUMIFS(Partidos!$Q:$Q,Partidos!$AB:$AB,TRUE,Partidos!$C:$C,Partidos!$X$2,Partidos!$E:$E,B9)+SUMIFS(Partidos!$R:$R,Partidos!$AB:$AB,TRUE,Partidos!$C:$C,Partidos!$X$2,Partidos!$F:$F,B9)+SUMIFS(Partidos!$R:$R,Partidos!$AB:$AB,TRUE,Partidos!$C:$C,Partidos!$X$2,Partidos!$G:$G,B9)) -> 194 | G9: =IF(B9="","",SUMIFS(Partidos!$R:$R,Partidos!$AB:$AB,TRUE,Partidos!$C:$C,Partidos!$X$2,Partidos!$D:$D,B9)+SUMIFS(Partidos!$R:$R,Partidos!$AB:$AB,TRUE,Partidos!$C:$C,Partidos!$X$2,Partidos!$E:$E,B9)+SUMIFS(Partidos!$Q:$Q,Partidos!$AB:$AB,TRUE,Partidos!$C:$C,Partidos!$X$2,Partidos!$F:$F,B9)+SUMIFS(Partidos!$Q:$Q,Partidos!$AB:$AB,TRUE,Partidos!$C:$C,Partidos!$X$2,Partidos!$G:$G,B9)) -> 215 | H9: =IF(B9="","",F9-G9) -> -21 | I9: =IF(B9="","",SUMIFS(Partidos!$T:$T,Partidos!$AB:$AB,TRUE,Partidos!$C:$C,Partidos!$X$2,Partidos!$D:$D,B9)+SUMIFS(Partidos!$T:$T,Partidos!$AB:$AB,TRUE,Partidos!$C:$C,Partidos!$X$2,Partidos!$E:$E,B9)+SUMIFS(Partidos!$U:$U,Partidos!$AB:$AB,TRUE,Partidos!$C:$C,Partidos!$X$2,Partidos!$F:$F,B9)+SUMIFS(Partidos!$U:$U,Partidos!$AB:$AB,TRUE,Partidos!$C:$C,Partidos!$X$2,Partidos!$G:$G,B9)) -> 1 | J9: =IF(B9="","",D9*Partidos!$X$3 + E9*Partidos!$X$4 + I9) -> 19
A10: =IF(B10="","",RANK(J10,$J$4:$J$63,0)+COUNTIFS($J$4:$J$63,J10,$H$4:$H$63,">"&H10)+COUNTIFS($J$4:$J$63,J10,$H$4:$H$63,H10,$D$4:$D$63,">"&D10)+COUNTIFS($J$4:$J$63,J10,$H$4:$H$63,H10,$D$4:$D$63,D10,$B$4:$B$63,">"&B10)) -> 7 | B10: =Ranking!B8 -> Nacho Navidad | C10: =IF(B10="","",COUNTIFS(Partidos!$AB:$AB,TRUE,Partidos!$C:$C,Partidos!$X$2,Partidos!$D:$D,B10)+COUNTIFS(Partidos!$AB:$AB,TRUE,Partidos!$C:$C,Partidos!$X$2,Partidos!$E:$E,B10)+COUNTIFS(Partidos!$AB:$AB,TRUE,Partidos!$C:$C,Partidos!$X$2,Partidos!$F:$F,B10)+COUNTIFS(Partidos!$AB:$AB,TRUE,Partidos!$C:$C,Partidos!$X$2,Partidos!$G:$G,B10)) -> 25 | D10: =IF(B10="","",COUNTIFS(Partidos!$AB:$AB,TRUE,Partidos!$C:$C,Partidos!$X$2,Partidos!$P:$P,"A",Partidos!$D:$D,B10)+COUNTIFS(Partidos!$AB:$AB,TRUE,Partidos!$C:$C,Partidos!$X$2,Partidos!$P:$P,"A",Partidos!$E:$E,B10)+COUNTIFS(Partidos!$AB:$AB,TRUE,Partidos!$C:$C,Partidos!$X$2,Partidos!$P:$P,"B",Partidos!$F:$F,B10)+COUNTIFS(Partidos!$AB:$AB,TRUE,Partidos!$C:$C,Partidos!$X$2,Partidos!$P:$P,"B",Partidos!$G:$G,B10)) -> 8 | E10: =IF(B10="","",C10-D10) -> 17 | F10: =IF(B10="","",SUMIFS(Partidos!$Q:$Q,Partidos!$AB:$AB,TRUE,Partidos!$C:$C,Partidos!$X$2,Partidos!$D:$D,B10)+SUMIFS(Partidos!$Q:$Q,Partidos!$AB:$AB,TRUE,Partidos!$C:$C,Partidos!$X$2,Partidos!$E:$E,B10)+SUMIFS(Partidos!$R:$R,Partidos!$AB:$AB,TRUE,Partidos!$C:$C,Partidos!$X$2,Partidos!$F:$F,B10)+SUMIFS(Partidos!$R:$R,Partidos!$AB:$AB,TRUE,Partidos!$C:$C,Partidos!$X$2,Partidos!$G:$G,B10)) -> 239 | G10: =IF(B10="","",SUMIFS(Partidos!$R:$R,Partidos!$AB:$AB,TRUE,Partidos!$C:$C,Partidos!$X$2,Partidos!$D:$D,B10)+SUMIFS(Partidos!$R:$R,Partidos!$AB:$AB,TRUE,Partidos!$C:$C,Partidos!$X$2,Partidos!$E:$E,B10)+SUMIFS(Partidos!$Q:$Q,Partidos!$AB:$AB,TRUE,Partidos!$C:$C,Partidos!$X$2,Partidos!$F:$F,B10)+SUMIFS(Partidos!$Q:$Q,Partidos!$AB:$AB,TRUE,Partidos!$C:$C,Partidos!$X$2,Partidos!$G:$G,B10)) -> 288 | H10: =IF(B10="","",F10-G10) -> -49 | I10: =IF(B10="","",SUMIFS(Partidos!$T:$T,Partidos!$AB:$AB,TRUE,Partidos!$C:$C,Partidos!$X$2,Partidos!$D:$D,B10)+SUMIFS(Partidos!$T:$T,Partidos!$AB:$AB,TRUE,Partidos!$C:$C,Partidos!$X$2,Partidos!$E:$E,B10)+SUMIFS(Partidos!$U:$U,Partidos!$AB:$AB,TRUE,Partidos!$C:$C,Partidos!$X$2,Partidos!$F:$F,B10)+SUMIFS(Partidos!$U:$U,Partidos!$AB:$AB,TRUE,Partidos!$C:$C,Partidos!$X$2,Partidos!$G:$G,B10)) -> 0.9 | J10: =IF(B10="","",D10*Partidos!$X$3 + E10*Partidos!$X$4 + I10) -> 16.9
A11: =IF(B11="","",RANK(J11,$J$4:$J$63,0)+COUNTIFS($J$4:$J$63,J11,$H$4:$H$63,">"&H11)+COUNTIFS($J$4:$J$63,J11,$H$4:$H$63,H11,$D$4:$D$63,">"&D11)+COUNTIFS($J$4:$J$63,J11,$H$4:$H$63,H11,$D$4:$D$63,D11,$B$4:$B$63,">"&B11)) -> 8 | B11: =Ranking!B9 -> Alberto Pulido | C11: =IF(B11="","",COUNTIFS(Partidos!$AB:$AB,TRUE,Partidos!$C:$C,Partidos!$X$2,Partidos!$D:$D,B11)+COUNTIFS(Partidos!$AB:$AB,TRUE,Partidos!$C:$C,Partidos!$X$2,Partidos!$E:$E,B11)+COUNTIFS(Partidos!$AB:$AB,TRUE,Partidos!$C:$C,Partidos!$X$2,Partidos!$F:$F,B11)+COUNTIFS(Partidos!$AB:$AB,TRUE,Partidos!$C:$C,Partidos!$X$2,Partidos!$G:$G,B11)) -> 14 | D11: =IF(B11="","",COUNTIFS(Partidos!$AB:$AB,TRUE,Partidos!$C:$C,Partidos!$X$2,Partidos!$P:$P,"A",Partidos!$D:$D,B11)+COUNTIFS(Partidos!$AB:$AB,TRUE,Partidos!$C:$C,Partidos!$X$2,Partidos!$P:$P,"A",Partidos!$E:$E,B11)+COUNTIFS(Partidos!$AB:$AB,TRUE,Partidos!$C:$C,Partidos!$X$2,Partidos!$P:$P,"B",Partidos!$F:$F,B11)+COUNTIFS(Partidos!$AB:$AB,TRUE,Partidos!$C:$C,Partidos!$X$2,Partidos!$P:$P,"B",Partidos!$G:$G,B11)) -> 7 | E11: =IF(B11="","",C11-D11) -> 7 | F11: =IF(B11="","",SUMIFS(Partidos!$Q:$Q,Partidos!$AB:$AB,TRUE,Partidos!$C:$C,Partidos!$X$2,Partidos!$D:$D,B11)+SUMIFS(Partidos!$Q:$Q,Partidos!$AB:$AB,TRUE,Partidos!$C:$C,Partidos!$X$2,Partidos!$E:$E,B11)+SUMIFS(Partidos!$R:$R,Partidos!$AB:$AB,TRUE,Partidos!$C:$C,Partidos!$X$2,Partidos!$F:$F,B11)+SUMIFS(Partidos!$R:$R,Partidos!$AB:$AB,TRUE,Partidos!$C:$C,Partidos!$X$2,Partidos!$G:$G,B11)) -> 152 | G11: =IF(B11="","",SUMIFS(Partidos!$R:$R,Partidos!$AB:$AB,TRUE,Partidos!$C:$C,Partidos!$X$2,Partidos!$D:$D,B11)+SUMIFS(Partidos!$R:$R,Partidos!$AB:$AB,TRUE,Partidos!$C:$C,Partidos!$X$2,Partidos!$E:$E,B11)+SUMIFS(Partidos!$Q:$Q,Partidos!$AB:$AB,TRUE,Partidos!$C:$C,Partidos!$X$2,Partidos!$F:$F,B11)+SUMIFS(Partidos!$Q:$Q,Partidos!$AB:$AB,TRUE,Partidos!$C:$C,Partidos!$X$2,Partidos!$G:$G,B11)) -> 148 | H11: =IF(B11="","",F11-G11) -> 4 | I11: =IF(B11="","",SUMIFS(Partidos!$T:$T,Partidos!$AB:$AB,TRUE,Partidos!$C:$C,Partidos!$X$2,Partidos!$D:$D,B11)+SUMIFS(Partidos!$T:$T,Partidos!$AB:$AB,TRUE,Partidos!$C:$C,Partidos!$X$2,Partidos!$E:$E,B11)+SUMIFS(Partidos!$U:$U,Partidos!$AB:$AB,TRUE,Partidos!$C:$C,Partidos!$X$2,Partidos!$F:$F,B11)+SUMIFS(Partidos!$U:$U,Partidos!$AB:$AB,TRUE,Partidos!$C:$C,Partidos!$X$2,Partidos!$G:$G,B11)) -> 0.84 | J11: =IF(B11="","",D11*Partidos!$X$3 + E11*Partidos!$X$4 + I11) -> 14.84
A12: =IF(B12="","",RANK(J12,$J$4:$J$63,0)+COUNTIFS($J$4:$J$63,J12,$H$4:$H$63,">"&H12)+COUNTIFS($J$4:$J$63,J12,$H$4:$H$63,H12,$D$4:$D$63,">"&D12)+COUNTIFS($J$4:$J$63,J12,$H$4:$H$63,H12,$D$4:$D$63,D12,$B$4:$B$63,">"&B12)) -> 9 | B12: =Ranking!B10 -> Eva Pulido | C12: =IF(B12="","",COUNTIFS(Partidos!$AB:$AB,TRUE,Partidos!$C:$C,Partidos!$X$2,Partidos!$D:$D,B12)+COUNTIFS(Partidos!$AB:$AB,TRUE,Partidos!$C:$C,Partidos!$X$2,Partidos!$E:$E,B12)+COUNTIFS(Partidos!$AB:$AB,TRUE,Partidos!$C:$C,Partidos!$X$2,Partidos!$F:$F,B12)+COUNTIFS(Partidos!$AB:$AB,TRUE,Partidos!$C:$C,Partidos!$X$2,Partidos!$G:$G,B12)) -> 18 | D12: =IF(B12="","",COUNTIFS(Partidos!$AB:$AB,TRUE,Partidos!$C:$C,Partidos!$X$2,Partidos!$P:$P,"A",Partidos!$D:$D,B12)+COUNTIFS(Partidos!$AB:$AB,TRUE,Partidos!$C:$C,Partidos!$X$2,Partidos!$P:$P,"A",Partidos!$E:$E,B12)+COUNTIFS(Partidos!$AB:$AB,TRUE,Partidos!$C:$C,Partidos!$X$2,Partidos!$P:$P,"B",Partidos!$F:$F,B12)+COUNTIFS(Partidos!$AB:$AB,TRUE,Partidos!$C:$C,Partidos!$X$2,Partidos!$P:$P,"B",Partidos!$G:$G,B12)) -> 7 | E12: =IF(B12="","",C12-D12) -> 11 | F12: =IF(B12="","",SUMIFS(Partidos!$Q:$Q,Partidos!$AB:$AB,TRUE,Partidos!$C:$C,Partidos!$X$2,Partidos!$D:$D,B12)+SUMIFS(Partidos!$Q:$Q,Partidos!$AB:$AB,TRUE,Partidos!$C:$C,Partidos!$X$2,Partidos!$E:$E,B12)+SUMIFS(Partidos!$R:$R,Partidos!$AB:$AB,TRUE,Partidos!$C:$C,Partidos!$X$2,Partidos!$F:$F,B12)+SUMIFS(Partidos!$R:$R,Partidos!$AB:$AB,TRUE,Partidos!$C:$C,Partidos!$X$2,Partidos!$G:$G,B12)) -> 175 | G12: =IF(B12="","",SUMIFS(Partidos!$R:$R,Partidos!$AB:$AB,TRUE,Partidos!$C:$C,Partidos!$X$2,Partidos!$D:$D,B12)+SUMIFS(Partidos!$R:$R,Partidos!$AB:$AB,TRUE,Partidos!$C:$C,Partidos!$X$2,Partidos!$E:$E,B12)+SUMIFS(Partidos!$Q:$Q,Partidos!$AB:$AB,TRUE,Partidos!$C:$C,Partidos!$X$2,Partidos!$F:$F,B12)+SUMIFS(Partidos!$Q:$Q,Partidos!$AB:$AB,TRUE,Partidos!$C:$C,Partidos!$X$2,Partidos!$G:$G,B12)) -> 202 | H12: =IF(B12="","",F12-G12) -> -27 | I12: =IF(B12="","",SUMIFS(Partidos!$T:$T,Partidos!$AB:$AB,TRUE,Partidos!$C:$C,Partidos!$X$2,Partidos!$D:$D,B12)+SUMIFS(Partidos!$T:$T,Partidos!$AB:$AB,TRUE,Partidos!$C:$C,Partidos!$X$2,Partidos!$E:$E,B12)+SUMIFS(Partidos!$U:$U,Partidos!$AB:$AB,TRUE,Partidos!$C:$C,Partidos!$X$2,Partidos!$F:$F,B12)+SUMIFS(Partidos!$U:$U,Partidos!$AB:$AB,TRUE,Partidos!$C:$C,Partidos!$X$2,Partidos!$G:$G,B12)) -> 0.72 | J12: =IF(B12="","",D12*Partidos!$X$3 + E12*Partidos!$X$4 + I12) -> 14.72
A13: =IF(B13="","",RANK(J13,$J$4:$J$63,0)+COUNTIFS($J$4:$J$63,J13,$H$4:$H$63,">"&H13)+COUNTIFS($J$4:$J$63,J13,$H$4:$H$63,H13,$D$4:$D$63,">"&D13)+COUNTIFS($J$4:$J$63,J13,$H$4:$H$63,H13,$D$4:$D$63,D13,$B$4:$B$63,">"&B13)) -> 10 | B13: =Ranking!B11 -> Alberto Nunes | C13: =IF(B13="","",COUNTIFS(Partidos!$AB:$AB,TRUE,Partidos!$C:$C,Partidos!$X$2,Partidos!$D:$D,B13)+COUNTIFS(Partidos!$AB:$AB,TRUE,Partidos!$C:$C,Partidos!$X$2,Partidos!$E:$E,B13)+COUNTIFS(Partidos!$AB:$AB,TRUE,Partidos!$C:$C,Partidos!$X$2,Partidos!$F:$F,B13)+COUNTIFS(Partidos!$AB:$AB,TRUE,Partidos!$C:$C,Partidos!$X$2,Partidos!$G:$G,B13)) -> 16 | D13: =IF(B13="","",COUNTIFS(Partidos!$AB:$AB,TRUE,Partidos!$C:$C,Partidos!$X$2,Partidos!$P:$P,"A",Partidos!$D:$D,B13)+COUNTIFS(Partidos!$AB:$AB,TRUE,Partidos!$C:$C,Partidos!$X$2,Partidos!$P:$P,"A",Partidos!$E:$E,B13)+COUNTIFS(Partidos!$AB:$AB,TRUE,Partidos!$C:$C,Partidos!$X$2,Partidos!$P:$P,"B",Partidos!$F:$F,B13)+COUNTIFS(Partidos!$AB:$AB,TRUE,Partidos!$C:$C,Partidos!$X$2,Partidos!$P:$P,"B",Partidos!$G:$G,B13)) -> 6 | E13: =IF(B13="","",C13-D13) -> 10 | F13: =IF(B13="","",SUMIFS(Partidos!$Q:$Q,Partidos!$AB:$AB,TRUE,Partidos!$C:$C,Partidos!$X$2,Partidos!$D:$D,B13)+SUMIFS(Partidos!$Q:$Q,Partidos!$AB:$AB,TRUE,Partidos!$C:$C,Partidos!$X$2,Partidos!$E:$E,B13)+SUMIFS(Partidos!$R:$R,Partidos!$AB:$AB,TRUE,Partidos!$C:$C,Partidos!$X$2,Partidos!$F:$F,B13)+SUMIFS(Partidos!$R:$R,Partidos!$AB:$AB,TRUE,Partidos!$C:$C,Partidos!$X$2,Partidos!$G:$G,B13)) -> 162 | G13: =IF(B13="","",SUMIFS(Partidos!$R:$R,Partidos!$AB:$AB,TRUE,Partidos!$C:$C,Partidos!$X$2,Partidos!$D:$D,B13)+SUMIFS(Partidos!$R:$R,Partidos!$AB:$AB,TRUE,Partidos!$C:$C,Partidos!$X$2,Partidos!$E:$E,B13)+SUMIFS(Partidos!$Q:$Q,Partidos!$AB:$AB,TRUE,Partidos!$C:$C,Partidos!$X$2,Partidos!$F:$F,B13)+SUMIFS(Partidos!$Q:$Q,Partidos!$AB:$AB,TRUE,Partidos!$C:$C,Partidos!$X$2,Partidos!$G:$G,B13)) -> 186 | H13: =IF(B13="","",F13-G13) -> -24 | I13: =IF(B13="","",SUMIFS(Partidos!$T:$T,Partidos!$AB:$AB,TRUE,Partidos!$C:$C,Partidos!$X$2,Partidos!$D:$D,B13)+SUMIFS(Partidos!$T:$T,Partidos!$AB:$AB,TRUE,Partidos!$C:$C,Partidos!$X$2,Partidos!$E:$E,B13)+SUMIFS(Partidos!$U:$U,Partidos!$AB:$AB,TRUE,Partidos!$C:$C,Partidos!$X$2,Partidos!$F:$F,B13)+SUMIFS(Partidos!$U:$U,Partidos!$AB:$AB,TRUE,Partidos!$C:$C,Partidos!$X$2,Partidos!$G:$G,B13)) -> 0.72 | J13: =IF(B13="","",D13*Partidos!$X$3 + E13*Partidos!$X$4 + I13) -> 12.72
A14: =IF(B14="","",RANK(J14,$J$4:$J$63,0)+COUNTIFS($J$4:$J$63,J14,$H$4:$H$63,">"&H14)+COUNTIFS($J$4:$J$63,J14,$H$4:$H$63,H14,$D$4:$D$63,">"&D14)+COUNTIFS($J$4:$J$63,J14,$H$4:$H$63,H14,$D$4:$D$63,D14,$B$4:$B$63,">"&B14)) -> 11 | B14: =Ranking!B12 -> Yeray Armas | C14: =IF(B14="","",COUNTIFS(Partidos!$AB:$AB,TRUE,Partidos!$C:$C,Partidos!$X$2,Partidos!$D:$D,B14)+COUNTIFS(Partidos!$AB:$AB,TRUE,Partidos!$C:$C,Partidos!$X$2,Partidos!$E:$E,B14)+COUNTIFS(Partidos!$AB:$AB,TRUE,Partidos!$C:$C,Partidos!$X$2,Partidos!$F:$F,B14)+COUNTIFS(Partidos!$AB:$AB,TRUE,Partidos!$C:$C,Partidos!$X$2,Partidos!$G:$G,B14)) -> 32 | D14: =IF(B14="","",COUNTIFS(Partidos!$AB:$AB,TRUE,Partidos!$C:$C,Partidos!$X$2,Partidos!$P:$P,"A",Partidos!$D:$D,B14)+COUNTIFS(Partidos!$AB:$AB,TRUE,Partidos!$C:$C,Partidos!$X$2,Partidos!$P:$P,"A",Partidos!$E:$E,B14)+COUNTIFS(Partidos!$AB:$AB,TRUE,Partidos!$C:$C,Partidos!$X$2,Partidos!$P:$P,"B",Partidos!$F:$F,B14)+COUNTIFS(Partidos!$AB:$AB,TRUE,Partidos!$C:$C,Partidos!$X$2,Partidos!$P:$P,"B",Partidos!$G:$G,B14)) -> 6 | E14: =IF(B14="","",C14-D14) -> 26 | F14: =IF(B14="","",SUMIFS(Partidos!$Q:$Q,Partidos!$AB:$AB,TRUE,Partidos!$C:$C,Partidos!$X$2,Partidos!$D:$D,B14)+SUMIFS(Partidos!$Q:$Q,Partidos!$AB:$AB,TRUE,Partidos!$C:$C,Partidos!$X$2,Partidos!$E:$E,B14)+SUMIFS(Partidos!$R:$R,Partidos!$AB:$AB,TRUE,Partidos!$C:$C,Partidos!$X$2,Partidos!$F:$F,B14)+SUMIFS(Partidos!$R:$R,Partidos!$AB:$AB,TRUE,Partidos!$C:$C,Partidos!$X$2,Partidos!$G:$G,B14)) -> 281 | G14: =IF(B14="","",SUMIFS(Partidos!$R:$R,Partidos!$AB:$AB,TRUE,Partidos!$C:$C,Partidos!$X$2,Partidos!$D:$D,B14)+SUMIFS(Partidos!$R:$R,Partidos!$AB:$AB,TRUE,Partidos!$C:$C,Partidos!$X$2,Partidos!$E:$E,B14)+SUMIFS(Partidos!$Q:$Q,Partidos!$AB:$AB,TRUE,Partidos!$C:$C,Partidos!$X$2,Partidos!$F:$F,B14)+SUMIFS(Partidos!$Q:$Q,Partidos!$AB:$AB,TRUE,Partidos!$C:$C,Partidos!$X$2,Partidos!$G:$G,B14)) -> 414 | H14: =IF(B14="","",F14-G14) -> -133 | I14: =IF(B14="","",SUMIFS(Partidos!$T:$T,Partidos!$AB:$AB,TRUE,Partidos!$C:$C,Partidos!$X$2,Partidos!$D:$D,B14)+SUMIFS(Partidos!$T:$T,Partidos!$AB:$AB,TRUE,Partidos!$C:$C,Partidos!$X$2,Partidos!$E:$E,B14)+SUMIFS(Partidos!$U:$U,Partidos!$AB:$AB,TRUE,Partidos!$C:$C,Partidos!$X$2,Partidos!$F:$F,B14)+SUMIFS(Partidos!$U:$U,Partidos!$AB:$AB,TRUE,Partidos!$C:$C,Partidos!$X$2,Partidos!$G:$G,B14)) -> 0.42 | J14: =IF(B14="","",D14*Partidos!$X$3 + E14*Partidos!$X$4 + I14) -> 12.42
A15: =IF(B15="","",RANK(J15,$J$4:$J$63,0)+COUNTIFS($J$4:$J$63,J15,$H$4:$H$63,">"&H15)+COUNTIFS($J$4:$J$63,J15,$H$4:$H$63,H15,$D$4:$D$63,">"&D15)+COUNTIFS($J$4:$J$63,J15,$H$4:$H$63,H15,$D$4:$D$63,D15,$B$4:$B$63,">"&B15)) -> 12 | B15: =Ranking!B13 -> Cristo Marrero | C15: =IF(B15="","",COUNTIFS(Partidos!$AB:$AB,TRUE,Partidos!$C:$C,Partidos!$X$2,Partidos!$D:$D,B15)+COUNTIFS(Partidos!$AB:$AB,TRUE,Partidos!$C:$C,Partidos!$X$2,Partidos!$E:$E,B15)+COUNTIFS(Partidos!$AB:$AB,TRUE,Partidos!$C:$C,Partidos!$X$2,Partidos!$F:$F,B15)+COUNTIFS(Partidos!$AB:$AB,TRUE,Partidos!$C:$C,Partidos!$X$2,Partidos!$G:$G,B15)) -> 11 | D15: =IF(B15="","",COUNTIFS(Partidos!$AB:$AB,TRUE,Partidos!$C:$C,Partidos!$X$2,Partidos!$P:$P,"A",Partidos!$D:$D,B15)+COUNTIFS(Partidos!$AB:$AB,TRUE,Partidos!$C:$C,Partidos!$X$2,Partidos!$P:$P,"A",Partidos!$E:$E,B15)+COUNTIFS(Partidos!$AB:$AB,TRUE,Partidos!$C:$C,Partidos!$X$2,Partidos!$P:$P,"B",Partidos!$F:$F,B15)+COUNTIFS(Partidos!$AB:$AB,TRUE,Partidos!$C:$C,Partidos!$X$2,Partidos!$P:$P,"B",Partidos!$G:$G,B15)) -> 5 | E15: =IF(B15="","",C15-D15) -> 6 | F15: =IF(B15="","",SUMIFS(Partidos!$Q:$Q,Partidos!$AB:$AB,TRUE,Partidos!$C:$C,Partidos!$X$2,Partidos!$D:$D,B15)+SUMIFS(Partidos!$Q:$Q,Partidos!$AB:$AB,TRUE,Partidos!$C:$C,Partidos!$X$2,Partidos!$E:$E,B15)+SUMIFS(Partidos!$R:$R,Partidos!$AB:$AB,TRUE,Partidos!$C:$C,Partidos!$X$2,Partidos!$F:$F,B15)+SUMIFS(Partidos!$R:$R,Partidos!$AB:$AB,TRUE,Partidos!$C:$C,Partidos!$X$2,Partidos!$G:$G,B15)) -> 106 | G15: =IF(B15="","",SUMIFS(Partidos!$R:$R,Partidos!$AB:$AB,TRUE,Partidos!$C:$C,Partidos!$X$2,Partidos!$D:$D,B15)+SUMIFS(Partidos!$R:$R,Partidos!$AB:$AB,TRUE,Partidos!$C:$C,Partidos!$X$2,Partidos!$E:$E,B15)+SUMIFS(Partidos!$Q:$Q,Partidos!$AB:$AB,TRUE,Partidos!$C:$C,Partidos!$X$2,Partidos!$F:$F,B15)+SUMIFS(Partidos!$Q:$Q,Partidos!$AB:$AB,TRUE,Partidos!$C:$C,Partidos!$X$2,Partidos!$G:$G,B15)) -> 105 | H15: =IF(B15="","",F15-G15) -> 1 | I15: =IF(B15="","",SUMIFS(Partidos!$T:$T,Partidos!$AB:$AB,TRUE,Partidos!$C:$C,Partidos!$X$2,Partidos!$D:$D,B15)+SUMIFS(Partidos!$T:$T,Partidos!$AB:$AB,TRUE,Partidos!$C:$C,Partidos!$X$2,Partidos!$E:$E,B15)+SUMIFS(Partidos!$U:$U,Partidos!$AB:$AB,TRUE,Partidos!$C:$C,Partidos!$X$2,Partidos!$F:$F,B15)+SUMIFS(Partidos!$U:$U,Partidos!$AB:$AB,TRUE,Partidos!$C:$C,Partidos!$X$2,Partidos!$G:$G,B15)) -> 0.66 | J15: =IF(B15="","",D15*Partidos!$X$3 + E15*Partidos!$X$4 + I15) -> 10.66
... A63: =IF(B63="","",RANK(J63,$J$4:$J$63,0)+COUNTIFS($J$4:$J$63,J63,$H$4:$H$63,">"&H63)+COUNTIFS($J$4:$J$63,J63,$H$4:$H$63,H63,$D$4:$D$63,">"&D63)+COUNTIFS($J$4:$J$63,J63,$H$4:$H$63,H63,$D$4:$D$63,D63,$B$4:$B$63,">"&B63)) | B63: =Ranking!B61 | C63: =IF(B63="","",COUNTIFS(Partidos!$AB:$AB,TRUE,Partidos!$C:$C,Partidos!$X$2,Partidos!$D:$D,B63)+COUNTIFS(Partidos!$AB:$AB,TRUE,Partidos!$C:$C,Partidos!$X$2,Partidos!$E:$E,B63)+COUNTIFS(Partidos!$AB:$AB,TRUE,Partidos!$C:$C,Partidos!$X$2,Partidos!$F:$F,B63)+COUNTIFS(Partidos!$AB:$AB,TRUE,Partidos!$C:$C,Partidos!$X$2,Partidos!$G:$G,B63)) | D63: =IF(B63="","",COUNTIFS(Partidos!$AB:$AB,TRUE,Partidos!$C:$C,Partidos!$X$2,Partidos!$P:$P,"A",Partidos!$D:$D,B63)+COUNTIFS(Partidos!$AB:$AB,TRUE,Partidos!$C:$C,Partidos!$X$2,Partidos!$P:$P,"A",Partidos!$E:$E,B63)+COUNTIFS(Partidos!$AB:$AB,TRUE,Partidos!$C:$C,Partidos!$X$2,Partidos!$P:$P,"B",Partidos!$F:$F,B63)+COUNTIFS(Partidos!$AB:$AB,TRUE,Partidos!$C:$C,Partidos!$X$2,Partidos!$P:$P,"B",Partidos!$G:$G,B63)) | E63: =IF(B63="","",C63-D63) | F63: =IF(B63="","",SUMIFS(Partidos!$Q:$Q,Partidos!$AB:$AB,TRUE,Partidos!$C:$C,Partidos!$X$2,Partidos!$D:$D,B63)+SUMIFS(Partidos!$Q:$Q,Partidos!$AB:$AB,TRUE,Partidos!$C:$C,Partidos!$X$2,Partidos!$E:$E,B63)+SUMIFS(Partidos!$R:$R,Partidos!$AB:$AB,TRUE,Partidos!$C:$C,Partidos!$X$2,Partidos!$F:$F,B63)+SUMIFS(Partidos!$R:$R,Partidos!$AB:$AB,TRUE,Partidos!$C:$C,Partidos!$X$2,Partidos!$G:$G,B63)) | G63: =IF(B63="","",SUMIFS(Partidos!$R:$R,Partidos!$AB:$AB,TRUE,Partidos!$C:$C,Partidos!$X$2,Partidos!$D:$D,B63)+SUMIFS(Partidos!$R:$R,Partidos!$AB:$AB,TRUE,Partidos!$C:$C,Partidos!$X$2,Partidos!$E:$E,B63)+SUMIFS(Partidos!$Q:$Q,Partidos!$AB:$AB,TRUE,Partidos!$C:$C,Partidos!$X$2,Partidos!$F:$F,B63)+SUMIFS(Partidos!$Q:$Q,Partidos!$AB:$AB,TRUE,Partidos!$C:$C,Partidos!$X$2,Partidos!$G:$G,B63)) | H63: =IF(B63="","",F63-G63) | I63: =IF(B63="","",SUMIFS(Partidos!$T:$T,Partidos!$AB:$AB,TRUE,Partidos!$C:$C,Partidos!$X$2,Partidos!$D:$D,B63)+SUMIFS(Partidos!$T:$T,Partidos!$AB:$AB,TRUE,Partidos!$C:$C,Partidos!$X$2,Partidos!$E:$E,B63)+SUMIFS(Partidos!$U:$U,Partidos!$AB:$AB,TRUE,Partidos!$C:$C,Partidos!$X$2,Partidos!$F:$F,B63)+SUMIFS(Partidos!$U:$U,Partidos!$AB:$AB,TRUE,Partidos!$C:$C,Partidos!$X$2,Partidos!$G:$G,B63)) | J63: =IF(B63="","",D63*Partidos!$X$3 + E63*Partidos!$X$4 + I63)

Sheet Parejas
A1: Parejas (con quién juegas más y cómo te va)
J2: Ordenar TOP por | K2: %V
A3: Jugador | B3: Yeray Armas
N4: TOP 10 (auto)
A5: Compañero | B5: PJ juntos (Liga) | C5: Victorias juntos | D5: Derrotas juntos | E5: % Victorias | F5: GamesF | G5: GamesC | H5: Dif | I5: SetsF | J5: SetsC | K5: Dif Sets | L5: RankPJ | N5: Nombre | O5: PJ | P5: V | Q5: D | R5: %V | S5: Dif | T5: Rank%V
A6: =IF(Jugadores!B17="","",IF(Jugadores!B17=$B$3,"",Jugadores!B17)) | B6: =IF($A6="","",COUNTIFS(Partidos!$C:$C,Partidos!$X$2,Partidos!$D:$D,$B$3,Partidos!$E:$E,$A6)+COUNTIFS(Partidos!$C:$C,Partidos!$X$2,Partidos!$D:$D,$A6,Partidos!$E:$E,$B$3)+COUNTIFS(Partidos!$C:$C,Partidos!$X$2,Partidos!$F:$F,$B$3,Partidos!$G:$G,$A6)+COUNTIFS(Partidos!$C:$C,Partidos!$X$2,Partidos!$F:$F,$A6,Partidos!$G:$G,$B$3)) | C6: =IF($A6="","",COUNTIFS(Partidos!$C:$C,Partidos!$X$2,Partidos!$P:$P,"A",Partidos!$D:$D,$B$3,Partidos!$E:$E,$A6)+COUNTIFS(Partidos!$C:$C,Partidos!$X$2,Partidos!$P:$P,"A",Partidos!$D:$D,$A6,Partidos!$E:$E,$B$3)+COUNTIFS(Partidos!$C:$C,Partidos!$X$2,Partidos!$P:$P,"B",Partidos!$F:$F,$B$3,Partidos!$G:$G,$A6)+COUNTIFS(Partidos!$C:$C,Partidos!$X$2,Partidos!$P:$P,"B",Partidos!$F:$F,$A6,Partidos!$G:$G,$B$3)) | D6: =IF($A6="","",B6-C6) | E6: =IF($A6="","",IF(B6=0,"",C6/B6)) | F6: =IF($A6="","",SUMIFS(Partidos!$Q:$Q,Partidos!$C:$C,Partidos!$X$2,Partidos!$D:$D,$B$3,Partidos!$E:$E,$A6)+SUMIFS(Partidos!$Q:$Q,Partidos!$C:$C,Partidos!$X$2,Partidos!$D:$D,$A6,Partidos!$E:$E,$B$3)+SUMIFS(Partidos!$R:$R,Partidos!$C:$C,Partidos!$X$2,Partidos!$F:$F,$B$3,Partidos!$G:$G,$A6)+SUMIFS(Partidos!$R:$R,Partidos!$C:$C,Partidos!$X$2,Partidos!$F:$F,$A6,Partidos!$G:$G,$B$3)) | G6: =IF($A6="","",SUMIFS(Partidos!$R:$R,Partidos!$C:$C,Partidos!$X$2,Partidos!$D:$D,$B$3,Partidos!$E:$E,$A6)+SUMIFS(Partidos!$R:$R,Partidos!$C:$C,Partidos!$X$2,Partidos!$D:$D,$A6,Partidos!$E:$E,$B$3)+SUMIFS(Partidos!$Q:$Q,Partidos!$C:$C,Partidos!$X$2,Partidos!$F:$F,$B$3,Partidos!$G:$G,$A6)+SUMIFS(Partidos!$Q:$Q,Partidos!$C:$C,Partidos!$X$2,Partidos!$F:$F,$A6,Partidos!$G:$G,$B$3)) | H6: =IF($A6="","",F6-G6) | I6: =IF($A6="","",IF($A6="","",SUMIFS(Partidos!$N:$N,Partidos!$C:$C,Partidos!$X$2,Partidos!$D:$D,$B$3,Partidos!$E:$E,$A6)+SUMIFS(Partidos!$N:$N,Partidos!$C:$C,Partidos!$X$2,Partidos!$D:$D,$A6,Partidos!$E:$E,$B$3)+SUMIFS(Partidos!$O:$O,Partidos!$C:$C,Partidos!$X$2,Partidos!$F:$F,$B$3,Partidos!$G:$G,$A6)+SUMIFS(Partidos!$O:$O,Partidos!$C:$C,Partidos!$X$2,Partidos!$F:$F,$A6,Partidos!$G:$G,$B$3))) | J6: =IF($A6="","",IF($A6="","",SUMIFS(Partidos!$O:$O,Partidos!$C:$C,Partidos!$X$2,Partidos!$D:$D,$B$3,Partidos!$E:$E,$A6)+SUMIFS(Partidos!$O:$O,Partidos!$C:$C,Partidos!$X$2,Partidos!$D:$D,$A6,Partidos!$E:$E,$B$3)+SUMIFS(Partidos!$N:$N,Partidos!$C:$C,Partidos!$X$2,Partidos!$F:$F,$B$3,Partidos!$G:$G,$A6)+SUMIFS(Partidos!$N:$N,Partidos!$C:$C,Partidos!$X$2,Partidos!$F:$F,$A6,Partidos!$G:$G,$B$3))) | K6: =IF($A6="","",I6-J6) | L6: =IF($A6="","",RANK($B6,$B$6:$B$65,0)+COUNTIFS($B$6:$B$65,$B6,$A$6:$A$65,">"&$A6)) | N6: =IFERROR(INDEX($A$6:$A$65,IF($K$2="PJ",MATCH(1,$L$6:$L$65,0),MATCH(1,$T$6:$T$65,0))),"") -> José López | O6: =IFERROR(INDEX($B$6:$B$65,IF($K$2="PJ",MATCH(1,$L$6:$L$65,0),MATCH(1,$T$6:$T$65,0))),"") -> 1 | P6: =IFERROR(INDEX($C$6:$C$65,IF($K$2="PJ",MATCH(1,$L$6:$L$65,0),MATCH(1,$T$6:$T$65,0))),"") -> 1 | Q6: =IFERROR(INDEX($D$6:$D$65,IF($K$2="PJ",MATCH(1,$L$6:$L$65,0),MATCH(1,$T$6:$T$65,0))),"") -> 0 | R6: =IFERROR(INDEX($E$6:$E$65,IF($K$2="PJ",MATCH(1,$L$6:$L$65,0),MATCH(1,$T$6:$T$65,0))),"") -> 1 | S6: =IFERROR(INDEX($H$6:$H$65,IF($K$2="PJ",MATCH(1,$L$6:$L$65,0),MATCH(1,$T$6:$T$65,0))),"") -> 7 | T6: =IF(OR($A6="", $B6=0),"",RANK($E6,$E$6:$E$65,0)+COUNTIFS($E$6:$E$65,$E6,$B$6:$B$65,">"&$B6)+COUNTIFS($E$6:$E$65,$E6,$B$6:$B$65,$B6,$A$6:$A$65,">"&$A6))
A7: =IF(Jugadores!B5="","",IF(Jugadores!B5=$B$3,"",Jugadores!B5)) -> César Morales | B7: =IF($A7="","",COUNTIFS(Partidos!$C:$C,Partidos!$X$2,Partidos!$D:$D,$B$3,Partidos!$E:$E,$A7)+COUNTIFS(Partidos!$C:$C,Partidos!$X$2,Partidos!$D:$D,$A7,Partidos!$E:$E,$B$3)+COUNTIFS(Partidos!$C:$C,Partidos!$X$2,Partidos!$F:$F,$B$3,Partidos!$G:$G,$A7)+COUNTIFS(Partidos!$C:$C,Partidos!$X$2,Partidos!$F:$F,$A7,Partidos!$G:$G,$B$3)) -> 0 | C7: =IF($A7="","",COUNTIFS(Partidos!$C:$C,Partidos!$X$2,Partidos!$P:$P,"A",Partidos!$D:$D,$B$3,Partidos!$E:$E,$A7)+COUNTIFS(Partidos!$C:$C,Partidos!$X$2,Partidos!$P:$P,"A",Partidos!$D:$D,$A7,Partidos!$E:$E,$B$3)+COUNTIFS(Partidos!$C:$C,Partidos!$X$2,Partidos!$P:$P,"B",Partidos!$F:$F,$B$3,Partidos!$G:$G,$A7)+COUNTIFS(Partidos!$C:$C,Partidos!$X$2,Partidos!$P:$P,"B",Partidos!$F:$F,$A7,Partidos!$G:$G,$B$3)) -> 0 | D7: =IF($A7="","",B7-C7) -> 0 | E7: =IF($A7="","",IF(B7=0,"",C7/B7)) | F7: =IF($A7="","",SUMIFS(Partidos!$Q:$Q,Partidos!$C:$C,Partidos!$X$2,Partidos!$D:$D,$B$3,Partidos!$E:$E,$A7)+SUMIFS(Partidos!$Q:$Q,Partidos!$C:$C,Partidos!$X$2,Partidos!$D:$D,$A7,Partidos!$E:$E,$B$3)+SUMIFS(Partidos!$R:$R,Partidos!$C:$C,Partidos!$X$2,Partidos!$F:$F,$B$3,Partidos!$G:$G,$A7)+SUMIFS(Partidos!$R:$R,Partidos!$C:$C,Partidos!$X$2,Partidos!$F:$F,$A7,Partidos!$G:$G,$B$3)) -> 0 | G7: =IF($A7="","",SUMIFS(Partidos!$R:$R,Partidos!$C:$C,Partidos!$X$2,Partidos!$D:$D,$B$3,Partidos!$E:$E,$A7)+SUMIFS(Partidos!$R:$R,Partidos!$C:$C,Partidos!$X$2,Partidos!$D:$D,$A7,Partidos!$E:$E,$B$3)+SUMIFS(Partidos!$Q:$Q,Partidos!$C:$C,Partidos!$X$2,Partidos!$F:$F,$B$3,Partidos!$G:$G,$A7)+SUMIFS(Partidos!$Q:$Q,Partidos!$C:$C,Partidos!$X$2,Partidos!$F:$F,$A7,Partidos!$G:$G,$B$3)) -> 0 | H7: =IF($A7="","",F7-G7) -> 0 | I7: =IF($A7="","",IF($A7="","",SUMIFS(Partidos!$N:$N,Partidos!$C:$C,Partidos!$X$2,Partidos!$D:$D,$B$3,Partidos!$E:$E,$A7)+SUMIFS(Partidos!$N:$N,Partidos!$C:$C,Partidos!$X$2,Partidos!$D:$D,$A7,Partidos!$E:$E,$B$3)+SUMIFS(Partidos!$O:$O,Partidos!$C:$C,Partidos!$X$2,Partidos!$F:$F,$B$3,Partidos!$G:$G,$A7)+SUMIFS(Partidos!$O:$O,Partidos!$C:$C,Partidos!$X$2,Partidos!$F:$F,$A7,Partidos!$G:$G,$B$3))) -> 0 | J7: =IF($A7="","",IF($A7="","",SUMIFS(Partidos!$O:$O,Partidos!$C:$C,Partidos!$X$2,Partidos!$D:$D,$B$3,Partidos!$E:$E,$A7)+SUMIFS(Partidos!$O:$O,Partidos!$C:$C,Partidos!$X$2,Partidos!$D:$D,$A7,Partidos!$E:$E,$B$3)+SUMIFS(Partidos!$N:$N,Partidos!$C:$C,Partidos!$X$2,Partidos!$F:$F,$B$3,Partidos!$G:$G,$A7)+SUMIFS(Partidos!$N:$N,Partidos!$C:$C,Partidos!$X$2,Partidos!$F:$F,$A7,Partidos!$G:$G,$B$3))) -> 0 | K7: =IF($A7="","",I7-J7) -> 0 | L7: =IF($A7="","",RANK($B7,$B$6:$B$65,0)+COUNTIFS($B$6:$B$65,$B7,$A$6:$A$65,">"&$A7)) -> 15 | N7: =IFERROR(INDEX($A$6:$A$65,IF($K$2="PJ",MATCH(2,$L$6:$L$65,0),MATCH(2,$T$6:$T$65,0))),"") -> Israel Suárez | O7: =IFERROR(INDEX($B$6:$B$65,IF($K$2="PJ",MATCH(2,$L$6:$L$65,0),MATCH(2,$T$6:$T$65,0))),"") -> 3 | P7: =IFERROR(INDEX($C$6:$C$65,IF($K$2="PJ",MATCH(2,$L$6:$L$65,0),MATCH(2,$T$6:$T$65,0))),"") -> 2 | Q7: =IFERROR(INDEX($D$6:$D$65,IF($K$2="PJ",MATCH(2,$L$6:$L$65,0),MATCH(2,$T$6:$T$65,0))),"") -> 1 | R7: =IFERROR(INDEX($E$6:$E$65,IF($K$2="PJ",MATCH(2,$L$6:$L$65,0),MATCH(2,$T$6:$T$65,0))),"") -> 0.66666667 | S7: =IFERROR(INDEX($H$6:$H$65,IF($K$2="PJ",MATCH(2,$L$6:$L$65,0),MATCH(2,$T$6:$T$65,0))),"") -> -9 | T7: =IF(OR($A7="", $B7=0),"",RANK($E7,$E$6:$E$65,0)+COUNTIFS($E$6:$E$65,$E7,$B$6:$B$65,">"&$B7)+COUNTIFS($E$6:$E$65,$E7,$B$6:$B$65,$B7,$A$6:$A$65,">"&$A7))
A8: =IF(Jugadores!B12="","",IF(Jugadores!B12=$B$3,"",Jugadores!B12)) -> José Fernando | B8: =IF($A8="","",COUNTIFS(Partidos!$C:$C,Partidos!$X$2,Partidos!$D:$D,$B$3,Partidos!$E:$E,$A8)+COUNTIFS(Partidos!$C:$C,Partidos!$X$2,Partidos!$D:$D,$A8,Partidos!$E:$E,$B$3)+COUNTIFS(Partidos!$C:$C,Partidos!$X$2,Partidos!$F:$F,$B$3,Partidos!$G:$G,$A8)+COUNTIFS(Partidos!$C:$C,Partidos!$X$2,Partidos!$F:$F,$A8,Partidos!$G:$G,$B$3)) -> 0 | C8: =IF($A8="","",COUNTIFS(Partidos!$C:$C,Partidos!$X$2,Partidos!$P:$P,"A",Partidos!$D:$D,$B$3,Partidos!$E:$E,$A8)+COUNTIFS(Partidos!$C:$C,Partidos!$X$2,Partidos!$P:$P,"A",Partidos!$D:$D,$A8,Partidos!$E:$E,$B$3)+COUNTIFS(Partidos!$C:$C,Partidos!$X$2,Partidos!$P:$P,"B",Partidos!$F:$F,$B$3,Partidos!$G:$G,$A8)+COUNTIFS(Partidos!$C:$C,Partidos!$X$2,Partidos!$P:$P,"B",Partidos!$F:$F,$A8,Partidos!$G:$G,$B$3)) -> 0 | D8: =IF($A8="","",B8-C8) -> 0 | E8: =IF($A8="","",IF(B8=0,"",C8/B8)) | F8: =IF($A8="","",SUMIFS(Partidos!$Q:$Q,Partidos!$C:$C,Partidos!$X$2,Partidos!$D:$D,$B$3,Partidos!$E:$E,$A8)+SUMIFS(Partidos!$Q:$Q,Partidos!$C:$C,Partidos!$X$2,Partidos!$D:$D,$A8,Partidos!$E:$E,$B$3)+SUMIFS(Partidos!$R:$R,Partidos!$C:$C,Partidos!$X$2,Partidos!$F:$F,$B$3,Partidos!$G:$G,$A8)+SUMIFS(Partidos!$R:$R,Partidos!$C:$C,Partidos!$X$2,Partidos!$F:$F,$A8,Partidos!$G:$G,$B$3)) -> 0 | G8: =IF($A8="","",SUMIFS(Partidos!$R:$R,Partidos!$C:$C,Partidos!$X$2,Partidos!$D:$D,$B$3,Partidos!$E:$E,$A8)+SUMIFS(Partidos!$R:$R,Partidos!$C:$C,Partidos!$X$2,Partidos!$D:$D,$A8,Partidos!$E:$E,$B$3)+SUMIFS(Partidos!$Q:$Q,Partidos!$C:$C,Partidos!$X$2,Partidos!$F:$F,$B$3,Partidos!$G:$G,$A8)+SUMIFS(Partidos!$Q:$Q,Partidos!$C:$C,Partidos!$X$2,Partidos!$F:$F,$A8,Partidos!$G:$G,$B$3)) -> 0 | H8: =IF($A8="","",F8-G8) -> 0 | I8: =IF($A8="","",IF($A8="","",SUMIFS(Partidos!$N:$N,Partidos!$C:$C,Partidos!$X$2,Partidos!$D:$D,$B$3,Partidos!$E:$E,$A8)+SUMIFS(Partidos!$N:$N,Partidos!$C:$C,Partidos!$X$2,Partidos!$D:$D,$A8,Partidos!$E:$E,$B$3)+SUMIFS(Partidos!$O:$O,Partidos!$C:$C,Partidos!$X$2,Partidos!$F:$F,$B$3,Partidos!$G:$G,$A8)+SUMIFS(Partidos!$O:$O,Partidos!$C:$C,Partidos!$X$2,Partidos!$F:$F,$A8,Partidos!$G:$G,$B$3))) -> 0 | J8: =IF($A8="","",IF($A8="","",SUMIFS(Partidos!$O:$O,Partidos!$C:$C,Partidos!$X$2,Partidos!$D:$D,$B$3,Partidos!$E:$E,$A8)+SUMIFS(Partidos!$O:$O,Partidos!$C:$C,Partidos!$X$2,Partidos!$D:$D,$A8,Partidos!$E:$E,$B$3)+SUMIFS(Partidos!$N:$N,Partidos!$C:$C,Partidos!$X$2,Partidos!$F:$F,$B$3,Partidos!$G:$G,$A8)+SUMIFS(Partidos!$N:$N,Partidos!$C:$C,Partidos!$X$2,Partidos!$F:$F,$A8,Partidos!$G:$G,$B$3))) -> 0 | K8: =IF($A8="","",I8-J8) -> 0 | L8: =IF($A8="","",RANK($B8,$B$6:$B$65,0)+COUNTIFS($B$6:$B$65,$B8,$A$6:$A$65,">"&$A8)) -> 14 | N8: =IFERROR(INDEX($A$6:$A$65,IF($K$2="PJ",MATCH(3,$L$6:$L$65,0),MATCH(3,$T$6:$T$65,0))),"") -> Carmelo Rosario | O8: =IFERROR(INDEX($B$6:$B$65,IF($K$2="PJ",MATCH(3,$L$6:$L$65,0),MATCH(3,$T$6:$T$65,0))),"") -> 5 | P8: =IFERROR(INDEX($C$6:$C$65,IF($K$2="PJ",MATCH(3,$L$6:$L$65,0),MATCH(3,$T$6:$T$65,0))),"") -> 2 | Q8: =IFERROR(INDEX($D$6:$D$65,IF($K$2="PJ",MATCH(3,$L$6:$L$65,0),MATCH(3,$T$6:$T$65,0))),"") -> 3 | R8: =IFERROR(INDEX($E$6:$E$65,IF($K$2="PJ",MATCH(3,$L$6:$L$65,0),MATCH(3,$T$6:$T$65,0))),"") -> 0.4 | S8: =IFERROR(INDEX($H$6:$H$65,IF($K$2="PJ",MATCH(3,$L$6:$L$65,0),MATCH(3,$T$6:$T$65,0))),"") -> -4 | T8: =IF(OR($A8="", $B8=0),"",RANK($E8,$E$6:$E$65,0)+COUNTIFS($E$6:$E$65,$E8,$B$6:$B$65,">"&$B8)+COUNTIFS($E$6:$E$65,$E8,$B$6:$B$65,$B8,$A$6:$A$65,">"&$A8))
A9: =IF(Jugadores!B4="","",IF(Jugadores!B4=$B$3,"",Jugadores!B4)) -> José López | B9: =IF($A9="","",COUNTIFS(Partidos!$C:$C,Partidos!$X$2,Partidos!$D:$D,$B$3,Partidos!$E:$E,$A9)+COUNTIFS(Partidos!$C:$C,Partidos!$X$2,Partidos!$D:$D,$A9,Partidos!$E:$E,$B$3)+COUNTIFS(Partidos!$C:$C,Partidos!$X$2,Partidos!$F:$F,$B$3,Partidos!$G:$G,$A9)+COUNTIFS(Partidos!$C:$C,Partidos!$X$2,Partidos!$F:$F,$A9,Partidos!$G:$G,$B$3)) -> 1 | C9: =IF($A9="","",COUNTIFS(Partidos!$C:$C,Partidos!$X$2,Partidos!$P:$P,"A",Partidos!$D:$D,$B$3,Partidos!$E:$E,$A9)+COUNTIFS(Partidos!$C:$C,Partidos!$X$2,Partidos!$P:$P,"A",Partidos!$D:$D,$A9,Partidos!$E:$E,$B$3)+COUNTIFS(Partidos!$C:$C,Partidos!$X$2,Partidos!$P:$P,"B",Partidos!$F:$F,$B$3,Partidos!$G:$G,$A9)+COUNTIFS(Partidos!$C:$C,Partidos!$X$2,Partidos!$P:$P,"B",Partidos!$F:$F,$A9,Partidos!$G:$G,$B$3)) -> 1 | D9: =IF($A9="","",B9-C9) -> 0 | E9: =IF($A9="","",IF(B9=0,"",C9/B9)) -> 1 | F9: =IF($A9="","",SUMIFS(Partidos!$Q:$Q,Partidos!$C:$C,Partidos!$X$2,Partidos!$D:$D,$B$3,Partidos!$E:$E,$A9)+SUMIFS(Partidos!$Q:$Q,Partidos!$C:$C,Partidos!$X$2,Partidos!$D:$D,$A9,Partidos!$E:$E,$B$3)+SUMIFS(Partidos!$R:$R,Partidos!$C:$C,Partidos!$X$2,Partidos!$F:$F,$B$3,Partidos!$G:$G,$A9)+SUMIFS(Partidos!$R:$R,Partidos!$C:$C,Partidos!$X$2,Partidos!$F:$F,$A9,Partidos!$G:$G,$B$3)) -> 12 | G9: =IF($A9="","",SUMIFS(Partidos!$R:$R,Partidos!$C:$C,Partidos!$X$2,Partidos!$D:$D,$B$3,Partidos!$E:$E,$A9)+SUMIFS(Partidos!$R:$R,Partidos!$C:$C,Partidos!$X$2,Partidos!$D:$D,$A9,Partidos!$E:$E,$B$3)+SUMIFS(Partidos!$Q:$Q,Partidos!$C:$C,Partidos!$X$2,Partidos!$F:$F,$B$3,Partidos!$G:$G,$A9)+SUMIFS(Partidos!$Q:$Q,Partidos!$C:$C,Partidos!$X$2,Partidos!$F:$F,$A9,Partidos!$G:$G,$B$3)) -> 5 | H9: =IF($A9="","",F9-G9) -> 7 | I9: =IF($A9="","",IF($A9="","",SUMIFS(Partidos!$N:$N,Partidos!$C:$C,Partidos!$X$2,Partidos!$D:$D,$B$3,Partidos!$E:$E,$A9)+SUMIFS(Partidos!$N:$N,Partidos!$C:$C,Partidos!$X$2,Partidos!$D:$D,$A9,Partidos!$E:$E,$B$3)+SUMIFS(Partidos!$O:$O,Partidos!$C:$C,Partidos!$X$2,Partidos!$F:$F,$B$3,Partidos!$G:$G,$A9)+SUMIFS(Partidos!$O:$O,Partidos!$C:$C,Partidos!$X$2,Partidos!$F:$F,$A9,Partidos!$G:$G,$B$3))) -> 2 | J9: =IF($A9="","",IF($A9="","",SUMIFS(Partidos!$O:$O,Partidos!$C:$C,Partidos!$X$2,Partidos!$D:$D,$B$3,Partidos!$E:$E,$A9)+SUMIFS(Partidos!$O:$O,Partidos!$C:$C,Partidos!$X$2,Partidos!$D:$D,$A9,Partidos!$E:$E,$B$3)+SUMIFS(Partidos!$N:$N,Partidos!$C:$C,Partidos!$X$2,Partidos!$F:$F,$B$3,Partidos!$G:$G,$A9)+SUMIFS(Partidos!$N:$N,Partidos!$C:$C,Partidos!$X$2,Partidos!$F:$F,$A9,Partidos!$G:$G,$B$3))) -> 0 | K9: =IF($A9="","",I9-J9) -> 2 | L9: =IF($A9="","",RANK($B9,$B$6:$B$65,0)+COUNTIFS($B$6:$B$65,$B9,$A$6:$A$65,">"&$A9)) -> 9 | N9: =IFERROR(INDEX($A$6:$A$65,IF($K$2="PJ",MATCH(4,$L$6:$L$65,0),MATCH(4,$T$6:$T$65,0))),"") -> Javier suarez | O9: =IFERROR(INDEX($B$6:$B$65,IF($K$2="PJ",MATCH(4,$L$6:$L$65,0),MATCH(4,$T$6:$T$65,0))),"") -> 4 | P9: =IFERROR(INDEX($C$6:$C$65,IF($K$2="PJ",MATCH(4,$L$6:$L$65,0),MATCH(4,$T$6:$T$65,0))),"") -> 1 | Q9: =IFERROR(INDEX($D$6:$D$65,IF($K$2="PJ",MATCH(4,$L$6:$L$65,0),MATCH(4,$T$6:$T$65,0))),"") -> 3 | R9: =IFERROR(INDEX($E$6:$E$65,IF($K$2="PJ",MATCH(4,$L$6:$L$65,0),MATCH(4,$T$6:$T$65,0))),"") -> 0.25 | S9: =IFERROR(INDEX($H$6:$H$65,IF($K$2="PJ",MATCH(4,$L$6:$L$65,0),MATCH(4,$T$6:$T$65,0))),"") -> -3 | T9: =IF(OR($A9="", $B9=0),"",RANK($E9,$E$6:$E$65,0)+COUNTIFS($E$6:$E$65,$E9,$B$6:$B$65,">"&$B9)+COUNTIFS($E$6:$E$65,$E9,$B$6:$B$65,$B9,$A$6:$A$65,">"&$A9)) -> 1
